		2018	2018	2018	2018	2018	2018	2018	2018	2018	2018	2018	2018		3. Är det styrande partiet eller koalitionen av partier i majoritet?	4. Från vilket parti kommer kommun-/landstings-/regionstyrelsens ordförande?		5. Vad heter kommun-/ landstings-/regionstyrelsens tillträdande ordförande?	Kön KSO		6. Från vilket parti kommer kommun-/landstings-/regionfullmäktiges ordförande?		7. Vad heter KFO?	Kön KFO	Är det något angående er kommuns/landstings/regions styrelse eller fullmäktige som bör kommenteras eller förklaras gör det gärna här.	2014	2014	2014	2014	2014	2014	2014	2014	2014	2014	2014	
		1=M	2=C	3=L	4=KD	5=S	6=V	7=MP	8=SD	9=Annat parti, ange vilket eller vilka	Annat parti, ange vilket eller vilka	Styre	Kategori	Detaljer/Ändring styre	1=Ja, i majoritet|2=Nej, i minoritet	1=M|2=C|3=L|4=KD|5=S|6=V|7=MP|8=SD|9=Lokalt parti, ange vilket	Lokalt parti, ange vilket				1=M|2=C|3=L|4=KD|5=S|6=V|7=MP|8=SD|9=Annat parti, ange vilket	Annat parti, ange vilket				1=M	2=C	3=L	4=KD	5=S	6=V	7=MP	8=SD	9=Annat parti, ange vilket eller vilka	Annat parti, ange vilket eller vilka	Styre	Kategori
Upplands Väsby kommun	114	M	C	L	KD					ÖP	Väsbys Bästa (VB)	M,C,L,KD,,,,,ÖP,	B		Minoritet	M		Oskar Weinmar	M		M		Christine Hanefalk	K						S	V	MP		ÖP	Väsbys Bästa (VB)	,,,,S,V,MP,,ÖP,	V
Vallentuna kommun	115	M	C	L	KD							M,C,L,KD,,,,,,	B		Majoritet	M		Parisa Liljestrand	K		M		Ray Idermark	M		M	C	L	KD							M,C,L,KD,,,,,,	B
Österåkers kommun	117	M	C	L	KD							M,C,L,KD,,,,,,	B		Majoritet	M		Michaela Fletcher	K		M		Ingela Gardner	K		M	C	L	KD					ÖP	Österåkerspartiet	M,C,L,KD,,,,,ÖP,	B
Värmdö kommun	120	M	C	L	KD			MP				M,C,L,KD, ,,MP,,,	B		Majoritet	M		Deshira Flankör	K		M		Lars-Erik Alversjö	M		M	C	L	KD							M,C,L,KD,,,,,,	B
Järfälla kommun	123	M	C	L	KD							M,C,L,KD,,,,,,	B		Minoritet	M		Emma Feldman	K		M		Monika Hallstensson	K			C			S		MP				,C,,,S,,MP,,,	BL
Ekerö kommun	125	M	C		KD							M,C,,KD,,,,,,	B		Minoritet	M		Adam Reuterskiöld	M		M		Peter Carpelan	M		M	C		KD							M,C,,KD,,,,,,	B
Huddinge kommun	126	M	C	L	KD					ÖP	Drevvikenpartiet och Huddingepartiet	M,C,L,KD,,,,,ÖP,	B		Minoritet	M		Daniel Dronjak	M		M		Erik Ottoson	M		M	C	L	KD					ÖP	Drevvikenpartiet och Huddingepartiet	M,C,L,KD,,,,,ÖP,	B
Botkyrka kommun	127		C	L	KD	S		MP				,C,L,KD,S,,MP,,,	BL		Majoritet	S		Ebba Östlin	K		S		Marcus Ekman	M						S	V	MP				,,,,S,V,MP,,,	V
Salems kommun	128	M	C	L	KD							M,C,L,KD,,,,,,	B		Majoritet	M		Lennart Kalderén	M		M		Olle Glimvik	M		M	C	L	KD							M,C,L,KD,,,,,,	B
Haninge kommun	136		C	L	KD	S						,C,L,KD,S,,,,,	BL		Minoritet	S		Meeri Wasberg	K		S		Kenneth Forsberg	M			C			S		MP				,C,,,S,,MP,,,	BL
Tyresö kommun	138			L		S		MP				,,L,,S,,MP,,,	BL		Minoritet	S		Anita Mattsson	K		S		Anders Linder	M	Minoriteten kommer att ha ett taktiskt samarbete med V och har därmed majoritet.	M	C	L	KD							M,C,L,KD,,,,,,	B
Upplands-Bro kommun	139	M	C	L	KD							M,C,L,KD,,,,,,	B		Minoritet	M		Fredrik Kjos	M		M		Anders Åkerlind	M			C		KD	S		MP				,C,,KD,S,,MP,,,	BL
Nykvarns kommun	140	M						MP		ÖP	Nykvarnspartiet	M,,,,,,MP,,ÖP,	B		Majoritet	ÖP	Nykvarnspartiet	Bob Wållberg	M		M		Cenneth Åhlund	M		M								ÖP	Nykvarnspartiet	M,,,,,,,,ÖP,	B
Täby kommun	160	M	C	L	KD							M,C,L,KD,,,,,,	B		Majoritet	M		Erik Andersson	M		M		Rolf E Ericsson	M		M	C	L	KD							M,C,L,KD,,,,,,	B
Danderyds kommun	162	M		L	KD							M,,L,KD,,,,,,	B		Majoritet	M		Hanna Bocander	K		M		Boris von Uexküll	M		M		L	KD							M,,L,KD,,,,,,	B
Sollentuna kommun	163	M	C	L	KD							M,C,L,KD,,,,,,	B		Majoritet	M		Henrik Thunes	M		M		Björn Karlsson (M)	M		M		L	KD							M,,L,KD,,,,,,	B
Stockholms stad	180	M	C	L	KD			MP				M,C,L,KD,,,MP,,,	B		Majoritet	M		Anna König Jerlmyr	K		M		Cecilia Brink	K						S	V	MP		ÖP	FI	,,,,S,V,MP,,ÖP,	V
Södertälje kommun	181		C		KD	S		MP				,C,,KD,S,,MP,,,	BL		Majoritet	S		Boel Godner	K		S		Peter Friström	M						S	V	MP				,,,,S,V,MP,,,	V
Nacka kommun	182	M	C	L	KD							M,C,L,KD,,,,,,	B		Majoritet	M		Mats Gerdau	M		M		Eva Öhbom Ekdahl	K		M	C	L	KD							M,C,L,KD,,,,,,	B
Sundbybergs stad	183		C	L		S						,C,L,,S,,,,,	BL		Minoritet	S		Peter Schilling	M		S		Christina Fjellström	K		M	C	L	KD			MP				M,C,L,KD,,,MP,,,	B
Solna stad	184	M	C	L	KD			MP				M,C,L,KD,,,MP,,,	B		Majoritet	M		Pehr Granfalk	M		M		Lars-Erik Salminen	M		M	C	L	KD							M,C,L,KD,,,,,,	B
Lidingö stad	186	M		L	KD					ÖP	Lidingöpartiet	M,,L,KD,,,,,ÖP,	B		Majoritet	M		Daniel Källenfors	M		M		Anna Britta Bergman	K		M			KD					ÖP	Lidingöpartiet	M,,,KD,,,,,ÖP,	B
Vaxholms stad	187		C	L		S						,C,L,,S,,,,,	BL		Minoritet	C		Malin Forsbrand	K		M		Karin Enström	K		M	C	L				MP				M,C,L,,,,MP,,,	B
Norrtälje kommun	188	M	C	L	KD							M,C,L,KD,,,,,,	B		Minoritet	M		Bino Drummond	M		M		Nils Matsson	M			C			S		MP				,C,,,S,,MP,,,	BL
Sigtuna kommun	191	M	C	L	KD					ÖP	Samling för Sigtuna	M,C,L,KD,,,,,ÖP,	B		Majoritet	M		Olov Holst	M		M		Erik Langby	M		M	C	L	KD			MP		ÖP	Samling för Sigtuna	M,C,L,KD,,,MP,,ÖP,	BL
Nynäshamns kommun	192	M	C	L	KD							M,C,L,KD,,,,,,	B		Minoritet	M		Harry Bouveng	M		L		Nicholas Nikander	M	Den nya koalitionen kommer att styra med stöd av Sorundanet och Pensionärspartiet.			L		S		MP				,,L,,S,,MP,,,	BL
Håbo kommun	305	M	C	L	KD			MP				M,C,L,KD,,,MP,,,	B		Minoritet	M		Liselotte Grahn Elg	K		M		Björn Erling	M		M	C	L	KD			MP				M,C,L,KD,,,MP,,,	B
Älvkarleby kommun	319		C			S	V	MP				,C,,,S,V,MP,,,	BL		Majoritet	S		Marie Larsson	K		S		Björn Karlsson	M						S	V	MP				,,,,S,V,MP,,,	V
Knivsta kommun	330	M	C			S	V	MP				M,C,,,S,V,MP,,,	BL		Majoritet	M/C	Alternerar	Klas Bergström byter 2021 av Peter Evansson (S)	M		M		Klas Bergström	M	M och S har gjort upp om att växla ordförandeposter i KF, KS och samhällsutvecklingsnämnden (SUN). I KF blir Klas Bergström (M) ordförande i 2 år och därefter Peter Evansson (S). I KS blir Peter Evansson (S) ordförande de första 2 åren och därefter Klas Bergström (M).	M	C	L	KD							M,C,L,KD,,,,,,	B
Heby kommun	331		C			S						,C,,,S,,,,,	BL		Majoritet	C		Marie Wilén	K		S		Olof Nilsson	M		M	C	L	KD			MP		ÖP	Lokala partiet	M,C,L,KD,,,MP,,ÖP,	B
Tierps kommun	360	M	C	L	KD			MP				M,C,L,KD,,,MP,,,	B		Minoritet	C		Sara Sjödal	K		KD		Lars Svensk	M						S		MP				,,,,S,,MP,,,	V
Uppsala kommun	380			L		S		MP				,,L,,S,,MP,,,	BL		Minoritet	S		Erik Pelling	M		L		Eva Edwardsson	K												,,,,,,,,,	V
Enköpings kommun	381	M	C	L	KD			MP				M,C,L,KD,,,MP,,,	B		Minoritet	M		Ingvar Smedlund	M		S		Rolf Carlsson	M						S				ÖP	Nystart Enköping	,,,,S,,,,ÖP,	V
Östhammars kommun	382		C			S	V					,C,,,S,V,,,,	BL		Majoritet	C		Jacob Spangenberg	M		S		Roger Lamell	M			C			S						,C,,,S,,,,,	BL
Vingåkers kommun	428		C		KD	S		MP				,C,,KD,S,,MP,,,	BL		Majoritet	S		Anneli Bengtsson	K		S		Viking Jonsson	M						S	V	MP				,,,,S,V,MP,,,	V
Gnesta kommun	461	M				S						M,,,,S,,,,,	BL		Minoritet	S		Johan Rocklind	M		M		Sven Anderson	M		M				S						M,,,,S,,,,,	BL
Nyköpings kommun	480		C			S		MP				,C,,,S,,MP,,,	BL		Minoritet	S		Urban Granström	M		S		Carl-Åke Andersson	M						S	V	MP				,,,,S,V,MP,,,	V
Oxelösunds kommun	481					S	V					,,,,S,V,,,,	V		Majoritet	S		Catharina Fredriksson	K		S		Linda Hägglund	K						S	V					,,,,S,V,,,,	V
Flens kommun	482					S	V	MP				,,,,S,V,MP,,,	V		Minoritet	S		Anders Berglöv	M		S		Helén Stockow	K		M			KD	S		MP				M,,,KD,S,,MP,,,	BL
Katrineholms kommun	483	M				S						M,,,,S,,,,,	BL		Majoritet	S		Göran Dahlström	M		S		Torgerd Jansson	M		M				S						M,,,,S,,,,,	BL
Eskilstuna kommun	484	M	C			S						M,C,,,S,,,,,	BL		Majoritet	S		Jimmy Jansson	M		S		Ann-Sofie Wågström	K		M	C			S						M,C,,,S,,,,,	BL
Strängnäs kommun	486	M				S						M,,,,S,,,,,	BL		Majoritet	M		Jacob Högfeldt	M		S		Leif Lindström	M		M				S						M,,,,S,,,,,	BL
Trosa kommun	488	M	C	L	KD							M,C,L,KD,,,,,,	B		Majoritet	M		Daniel Portnoff	M		M		Ann Larson	K		M	C	L	KD							M,C,L,KD,,,,,,	B
Ödeshögs kommun	509		C		KD	S						,C,,KD,S,,,,,	BL		Majoritet	KD		Annicki Oscarsson	K		C		Jonny Ståhl	M			C		KD	S						,C,,KD,S,,,,,	BL
Ydre kommun	512	M	C			S						M,C,,,S,,,,,	BL		Majoritet	C		Sven-Inge Karlsson	M		C		Anders Andersson	M		M	C		KD	S		MP				M,C,,KD,S,,MP,,,	BL
Kinda kommun	513		C	L		S						,C,L,,S,,,,,	BL	Landsbygdspartiet lämnar styret under mandatperioden	Minoritet	S		Conny Forsberg	M		C		Anders Ljung	M		M			KD	S						M,,,KD,S,,,,,	BL
Boxholms kommun	560					S						,,,,S,,,,,	V		Minoritet	S		Claes Sjökvist	M		S		Stig Adolfsson	M						S						,,,,S,,,,,	V
Åtvidabergs kommun	561		C	L		S	V					,C,L,,S,V,,,,	BL		Majoritet	S		Thomas Lidberg	M		S		Elisabet Edlund	K		M				S						M,,,,S,,,,,	BL
Finspångs kommun	562		C		KD	S						,C,,KD,S,,,,,	BL		Minoritet	S		Ulrika Jeansson	K		S		Berit Martinsson	K						S	V	MP				,,,,S,V,MP,,,	V
Valdemarsviks kommun	563		C			S						,C,,,S,,,,,	BL	V lämnar styret under mandatperioden	Minoritet	S		Ted Starkås	M		C		Marie Lindh Eriksson	K						S	V	MP		ÖP	Nybyggarpartiet	,,,,S,V,MP,,ÖP,	V
Linköpings kommun	580	M	C	L	KD							M,C,L,KD,,,,,,	B		Minoritet	M		Niklas Borg	M		C		Lars Vikinge	M				L		S		MP				,,L,,S,,MP,,,	BL
Norrköpings kommun	581		C	L	KD	S						,C,L,KD,S,,,,,	BL		Minoritet	S		Olle Vikmång	M		S		Olle Vikmång	M			C	L	KD	S						,C,L,KD,S,,,,,	BL
Söderköpings kommun	582	M	C	L	KD							M,C,L,KD,,,,,,	B		Majoritet	M		Martin Sjölander	M		KD		Anders Eksmo	M		M				S		MP				M,,,,S,,MP,,,	BL
Motala kommun	583	M	C	L	KD							M,C,L,KD,,,,,,	B		Minoritet	M		Annelie Almérus	K		KD		Nils-Ingvar Graan	M	Styrande har tagit initiativ (ej beslutat ännu) till insynsplatser i de större nämndernas (inkl KS) arbetsutskott för parti som inte har ledamot i arbetsutskottet. Förutsättning är att partiet har ledamot i nämnden/styrelsen och inte ingår i koalition eller valteknisk samverkan med parti som har ledamot i arbetsutskottet.					S	V	MP				,,,,S,V,MP,,,	V
Vadstena kommun	584	M				S		MP				M,,,,S,,MP,,,	BL		Majoritet	M		Peter Karlsson	M		M		Arne Sjöberg	M		M				S		MP				M,,,,S,,MP,,,	V
Mjölby kommun	586		C	L	KD	S		MP				,C,L,KD,S,,MP,,,	BL		Majoritet	S		Cecilia Burenby	K		S		Jörgen Oskarsson	M			C		KD	S		MP				,C,,KD,S,,MP,,,	BL
Aneby kommun	604	M	C	L	KD							M,C,L,KD,,,,,,	B		Majoritet	C		Beata Allen	K		KD		Bengt Samuelsson KD	M		M	C	L	KD							M,C,L,KD,,,,,,	B
Gnosjö kommun	617	M	C		KD							M,C,,KD,,,,,,	B		Minoritet	M		Kristine Hästmark	K		C		Johan Malm	M		M	C	L	KD							M,C,L,KD,,,,,,	B
Mullsjö kommun	642		C	L	KD	S						,C,L,KD,S,,,,,	BL		Majoritet	S		Linda Danielsson	K		S		Pernilla Jovanovic	K						S	V	MP				,,,,S,V,MP,,,	V
Habo kommun	643	M	C	L	KD							M,C,L,KD,,,,,,	B		Majoritet	M		Susanne Wahlström	K		M		Lisbet Bärenholdt	K			C		KD	S		MP				,C,,KD,S,,MP,,,	BL
Gislaveds kommun	662	M	C	L	KD							M,C,L,KD,,,,,,	B	Styrs av en majoritet C,M,KD,L med valteknisk samverkan Westbopartiet. Westbopartiet slutar stödja styret under mandatperioden.	Minoritet	C		Carina Johansson	K		C		Lars-Ove Bengtsson	M		M				S		MP				M,,,,S,,MP,,,	BL
Vaggeryds kommun	665	M	C	L	KD			MP				M,C,L,KD,,,MP,,,	B		Majoritet	M		Gert Jonsson	M		M		Christer Holmgren	M		M	C	L	KD			MP				M,C,L,KD,,,MP,,,	B
Jönköpings kommun	680		C	L		S		MP				,C,L,,S,,MP,,,	BL		Minoritet	C		Ann-Marie Nilsson	K		S		Tord Sundqvist	M		M	C	L	KD							M,C,L,KD,,,,,,	B
Nässjö kommun	682		C		KD	S						,C,,KD,S,,,,,	BL		Minoritet	S		Anna-Carin Magnusson	K		S		Kurt Johansson	M		M	C			S	V					M,C,,,S,V,,,,	BL
Värnamo kommun	683	M	C	L	KD							M,C,L,KD,,,,,,	B		Minoritet	C		Mikael Karlsson	M		S		Pär AJ Persson	M		M	C	L	KD							M,C,L,KD,,,,,,	B
Sävsjö kommun	684		C		KD	S						,C,,KD,S,,,,,	BL		Majoritet	KD		Stefan Gustafsson	M		KD		Per Danielsson	M			C		KD	S						,C,,KD,S,,,,,	BL
Vetlanda kommun	685		C	L	KD	S						,C,L,KD,S,,,,,	BL	M lämnade majoritetsstyret och S och C bildar nu en ny majoritet tillsammans med KD och L 201123.	Majoritet	S		Henrik Tvarnö	M		C		Carina G Hördegård	K						S				ÖP	Vetlanda Framåtanda	,,,,S,,,,ÖP,	V
Eksjö kommun	686	M	C	L	KD							M,C,L,KD,,,,,,	B		Majoritet	C		Annelie Hägg	K		M		Mats Danielsson	M		M	C	L	KD							M,C,L,KD,,,,,,	B
Tranås kommun	687	M	C	L	KD							M,C,L,KD,,,,,,	B		Minoritet	M		Anders Wilander	M		M		Jennie Saxfeldt	K		M	C	L	KD							M,C,L,KD,,,,,,	B
Uppvidinge kommun	760	M				S	V					M,,,,S,V,,,,	BL		Majoritet	S		Niklas Jonsson	M		S		Peter Skoog Lindman	M			C		KD							,C,,KD,,,,,,	B
Lessebo kommun	761					S						,,,,S,,,,,	V		Minoritet	S		Lars Altgård	M		S		Monica Widnemark	K	Valtekniskt samarbete med C och V.					S						,,,,S,,,,,	V
Tingsryds kommun	763				KD	S	V					,,,KD,S,V,,,,	BL	Styret M,KD,S spricker i april 2020. S,KD,V har 2020-05-07 deklarerat att de avser att styra kommunen som den största politiska minoriteten i KF. Tillsammans innehar partierna 18 av fullmäktiges 41 mandat.Styret inleder valtekniskt samarbete med C som har 9/41 i KF.	Minoritet	S		Mikael Jeansson	M		M		Patrick Ståhlgren	M		M				S						M,,,,S,,,,,	BL
Alvesta kommun	764		C			S	V					,C,,,S,V,,,,	BL		Minoritet	S		Per Ribacke	M		C		Hagart Valtersson	M			C			S		MP				,C,,,S,,MP,,,	BL
Älmhults kommun	765	M	C	L	KD							M,C,L,KD,,,,,,	B		Majoritet	C		Elizabeth Peltola	K		M		Bo Mazetti-Nissen	M						S	V	MP				,,,,S,V,MP,,,	V
Markaryds kommun	767	M	C		KD							M,C,,KD,,,,,,	B		Minoritet	KD		Bengt Germundsson	M		KD		Samuel Wombell	M		M	C		KD							M,C,,KD,,,,,,	B
Växjö kommun	780	M	C	L	KD			MP				M,C,L,KD,,,MP,,,	B		Majoritet	M		Anna Tenje	K		M		Bo Frank	M		M	C	L	KD			MP				M,C,L,KD,,,MP,,,	B
Ljungby kommun	781	M	C	L	KD							M,C,L,KD,,,,,,	B		Minoritet	M		Magnus Gunnarsson	M		M		Ann-Charlotte Wiesel	K		M	C	L								M,C,L,,,,,,,	B
Högsby kommun	821	M	C		KD						det är ett minoritetsstyre	M,C,,KD,,,,,,	B		Minoritet	C		Stihna Johansson Evertsson	K		C		Per Gröön	M		M	C		KD					ÖP	vi hade minoritetsstyre	M,C,,KD,,,,,ÖP,	B
Torsås kommun	834	M		L	KD	S	V					M,,L,KD,S,V,,,,	BL		Majoritet	S		Henrik Nilsson Bokor	M		S		Ann-Britt Mårtensson	K		M		L	KD	S	V	MP				M,,L,KD,S,V,MP,,,	BL
Mörbylånga kommun	840		C			S	V					,C,,,S,V,,,,	BL		Majoritet	S		Matilda Wärenfalk	K		C		Kjell Magnusson	M		M	C	L	KD			MP				M,C,L,KD,,,MP,,,	B
Hultsfreds kommun	860	M	C		KD							M,C,,KD,,,,,,	B		Majoritet	C		Lars Rosander	M		KD		Anders Andersson	M		M	C	L	KD			MP				M,C,L,KD,,,MP,,,	B
Mönsterås kommun	861	M	C	L	KD							M,C,L,KD,,,,,,	B		Majoritet	C		Anders Johansson	M		C		Jens Robertsson	M		M	C	L	KD							M,C,L,KD,,,,,,	B
Emmaboda kommun	862	M	C		KD					ÖP	BA, Bästa Alternativet	M,C,,KD,,,,,ÖP,	B		Minoritet	C		Johan Jonsson	M		ÖP	BA, Bästa Alternativet	Bo Eddie Rossbol	M						S		MP				,,,,S,,MP,,,	V
Kalmar kommun	880		C			S	V					,C,,,S,V,,,,	BL		Majoritet	S		Johan Persson	M		S		Roger Kaliff	M			C			S	V					,C,,,S,V,,,,	BL
Nybro kommun	881	M	C	L	KD							M,C,L,KD,,,,,,	B		Minoritet	C		Christina Davidson	K		S		Börje Slättman	M		M	C	L	KD					ÖP	SPI	M,C,L,KD,,,,,ÖP,	B
Oskarshamns kommun	882	M				S						M,,,,S,,,,,	BL		Majoritet	S		Andreas Erlandsson	M		S		Yvonne Bergvall	K			C			S	V	MP				,C,,,S,V,MP,,,	BL
Västerviks kommun	883		C			S		MP				,C,,,S,,MP,,,	BL		Minoritet	S		Dan Nilsson	M		L		Sverker Thorén	M			C			S		MP				,C,,,S,,MP,,,	BL
Vimmerby kommun	884	M	C		KD							M,C,,KD,,,,,,	B		Majoritet	C		Jacob Käll	M		C		Leif Larsson	M		M				S						M,,,,S,,,,,	BL
Borgholms kommun	885		C			S	V					,C,,,S,V,,,,	BL		Majoritet	S		Ilko Corkovic	M		S		Eva-Lena Israelsson	K						S	V			ÖP	Framtid Öland	,,,,S,V,,,ÖP,	V
Region Gotland	980	M	C	L	KD							M,C,L,KD,,,,,,	B		Minoritet	C		Eva Nypelius	K		M		Inger Harlevi	K						S	V	MP				,,,,S,V,MP,,,	V
Olofströms kommun	1060				KD	S	V					,,,KD,S,V,,,,	BL		Majoritet	S		Morgan Bengtsson	M		S		Jan Björkman	M						S						,,,,S,,,,,	V
Karlskrona kommun	1080		C	L		S						,C,L,,S,,,,,	BL		Minoritet	S		Sandra Bizzozero	K		L		Gunilla Ekelöf	K			C	L		S						,C,L,,S,,,,,	BL
Ronneby kommun	1081	M	C	L	KD							M,C,L,KD,,,,,,	B		Minoritet	M		Roger Fredriksson	M		L		Nils Ingmar Thorell	M		M	C	L	KD					ÖP	Ronnebypartiet (RP)	M,C,L,KD,,,,,ÖP,	B
Karlshamns kommun	1082		C			S		MP				,C,,,S,,MP,,,	BL		Minoritet	S		Per-Ola Mattsson	M		S		Marie Sällström	K			C	L		S						,C,L,,S,,,,,	BL
Sölvesborgs kommun	1083	M			KD				SD	ÖP	Sölvesborg och Listerpartiet	M,,,KD,,,,SD,ÖP,	Ö		Majoritet	SD		Louise Erixon	K		M		Arne Bogren	M						S	V	MP				,,,,S,V,MP,,,	V
Svalövs kommun	1214	M			KD				SD			M,,,KD,,,,SD,,	Ö	M, C, L, KD (min) spricker juni 2019. Nya styret har valteknisk samverkan med L.	Minoritet	SD		Teddy Nilsson	M		M		Ann Pettersson	K	Valtekniskt samarbete SD, M, KD, L		C			S	V	MP		ÖP	FI	,C,,,S,V,MP,,ÖP,	BL
Staffanstorps kommun	1230	M							SD			M,,,,,,,SD,,	Ö		Majoritet	M		Christian Sonesson	M		M		Rickard Svensson	M		M	C	L	KD							M,C,L,KD,,,,,,	B
Burlövs kommun	1231	M	C	L								M,C,L,,,,,,,	B		Minoritet	M		Amelie Gustafsson	M		C		Fredrik Jörgensen	M			C			S	V	MP				,C,,,S,V,MP,,,	BL
Vellinge kommun	1233	M										M,,,,,,,,,	B		Majoritet	M		Carina Wutzler	K		M		Anna Tinglöf	K		M										M,,,,,,,,,	B
Östra Göinge kommun	1256	M	C		KD							M,C,,KD,,,,,,	B		Majoritet	M		Patric Åberg	M		M		Erling Emsfors	M		M	C	L	KD			MP				M,C,L,KD,,,MP,,,	B
Örkelljunga kommun	1257	M	C		KD							M,C,,KD,,,,,,	B		Minoritet	M		Christian Larsson	M		KD		Magnus Håkansson	M		M	C	L	KD							M,C,L,KD,,,,,,	B
Bjuvs kommun	1260								SD			,,,,,,,SD,,	Ö	Ingen uttalad koalition men formell valteknisk samverkan mellan SD, M och avhoppad L. S, C, L och KD lämnade in sina avsägelser som ordförande, vice ordförande i kommunfullmäktige, kommunstyrelsen, nämnder, Bjuvsbostäder, Bjuvs stadsnät AB samt som vice ordförande i revisionen. Avsägelserna gäller från och med den 1 januari 2020.	Minoritet	SD		Mikael Henrysson	M		SD		Pia Trollehjelm	K												,,,,,,,,,	BL
Kävlinge kommun	1261	M	C	L	KD							M,C,L,KD,,,,,,	B		Minoritet	M		Pia Almström	K		M		Boriana Åberg	K		M	C	L	KD			MP				M,C,L,KD,,,MP,,,	B
Lomma kommun	1262	M	C	L	KD							M,C,L,KD,,,,,,	B		Majoritet	M		Robert Wenglén	M		M		Anders Berngarn	M		M	C	L	KD							M,C,L,KD,,,,,,	B
Svedala kommun	1263	M	C	L	KD					ÖP	Barapartiet	M,C,L,KD,,,,,ÖP,	B		Minoritet	M		Linda Allansson Wester	K		M		Lars Nordberg	M		M	C	L						ÖP	Bara partiet	M,C,L,,,,,,ÖP,	B
Skurups kommun	1264		C	L		S	V	MP		ÖP	Kommunens Väl	,C,L,,S,V,MP,,ÖP,	BL	2021: I december röstade Socialdemokraterna, Miljöpartiet, Vänsterpartiet, Centern, Kommunens väl, Liberalerna och avhoppade SD-ledamöter för ett maktskifte (tidigare minoritet M (KSO), C, Skurupspartiet).	Majoritet	S		Lena Axelsson	K		C		Ann-Helen Nilsson	K						S	V	MP		ÖP	Kommunens väl	,,,,S,V,MP,,ÖP,	V
Sjöbo kommun	1265	M	C	L				MP				M,C,L,,,,MP,,,	B		Minoritet	M		Magnus Weberg	M		M		Thomas Qvist	M		M	C	L	KD					ÖP	Sjöbopartiet	M,C,L,KD,,,,,ÖP,	B
Hörby kommun	1266								SD			,,,,,,,SD,,	Ö		Minoritet	SD		Cecilia Bladh In Zito	K		SD		Johan Ohlin	M	Valteknisk samverkan föreligger mellan styrande parti SD och M, SPI samt KD.					S						,,,,S,,,,,	BL
Höörs kommun	1267	M	C	L	KD							M,C,L,KD,,,,,,	B		Minoritet	M		Johan Svahnberg	K		M		Anders Netterheim	M		M	C		KD	S	V	MP				M,C,,KD,S,V,MP,,,	B
Tomelilla kommun	1270	M	C	L	KD							M,C,L,KD,,,,,,	B		Minoritet	M/C	Alternerar	Per-Martin Svensson och Leif Sandberg vartannat år.	M		C		Christer Yrjas (C)	M	Per-Martin Svensson (M) och Leif Sandberg (C) kommer att dela på ordförandeskapet. P-M S är kso 2019 och 2021 medan LS är kso 2020 och 2022. Den som inte är kso är då 1:e vice kommunstyrelseordförande och ordförande i kommunstyrelsens arbetsutskott.	M	C	L	KD			MP		ÖP	SPI Välfärden	M,C,L,KD,,,MP,,ÖP,	B
Bromölla kommun	1272		C	L	KD	S	V					,C,L,KD,S,V,,,,	BL	Eric Berntsson (SD) avgår i augusti 2020 och SD är meddelar att de mot bakgrund av det ekonomiska läget inte vill styra i minoritet. Jenny Önnevik (S) väljs under hösten 2020 och tillträder 1 januari 2021.	Minoritet	S		Jenny Önnevik	K		S		Elisabeth Stenberg Michalski	K						S						,,,,S,,,,,	V
Osby kommun	1273	M	C	L	KD							M,C,L,KD,,,,,,	B		Minoritet	C		Niklas Larsson	M		M		Dag Ivarsson	M						S	V	MP				,,,,S,V,MP,,,	V
Perstorps kommun	1275	M	C		KD			MP		ÖP	Perstorps Framtid	M,C,,KD,,,MP,,ÖP,	B		Majoritet	ÖP	Perstorps Framtid	Torgny Lindau	M		M		Håkan Abrahamsson	M		M	C		KD	S						M,C,,KD,S,,,,,	BL
Klippans kommun	1276	M	C			S						M,C,,,S,,,,,	BL		Minoritet	M		Hans-Bertil Sinclair	M		S		Gunilla Svensson	K			C			S		MP				,C,,,S,,MP,,,	BL
Åstorps kommun	1277		C			S						,C,,,S,,,,,	BL		Minoritet	S		Ronny Sandberg	M		S		Per-Arne Håkansson	M	Innan 2018 var Miljöpartiet med som ett valtekniskt samarbete vid fördelning av platser. Efter 2018 är Vänsterpartiet med som ett valtekniskt samarbete		C		KD	S						,C,,KD,S,,,,,	BL
Båstads kommun	1278	M		L	KD	S						M,,L,KD,S,,,,,	BL		Majoritet	M		Johan Olsson Swanstein	M		L		Thomas Andersson	M										ÖP	Bjärepartiet	,,,,,,,,ÖP,	B
Malmö stad	1280			L		S						,,L,,S,,,,,	BL		Minoritet	S		Katrin Stjernfeldt Jammeh	K		S		Carina Nilsson	K	S har valtekniskt samarbete med V och MP. L har lagt ner sina röster vid val av KF ordf. C+L har lagt ner sina röster i val av KS ordförande					S		MP				,,,,S,,MP,,,	V
Lunds kommun	1281	M	C	L	KD					ÖP	För Nya Lund	M,C,L,KD,,,,,ÖP,	B		Majoritet	L		Philip Sandberg	M		M		Mats Helmfrid	M						S		MP				,,,,S,,MP,,,	V
Landskrona stad	1282	M		L				MP				M,,L,,,,MP,,,	B		Minoritet	L		Torkild Strandberg	M		L		Gunlög Stenfelt	K		M		L				MP				M,,L,,,,MP,,,	B
Helsingborgs stad	1283	M	C	L	KD							M,C,L,KD,,,,,,	B		Minoritet	M		Peter Danielsson	M		M		Mats Sander	M		M	C	L	KD			MP				M,C,L,KD,,,MP,,,	B
Höganäs kommun	1284	M	C		KD							M,C,,KD,,,,,,	B		Majoritet	M		Peter Schölander	M		M		Gustaf Wingårdh	M		M	C	L	KD							M,C,L,KD,,,,,,	B
Eslövs kommun	1285	M		L		S						M,,L,,S,,,,,	BL		Majoritet	S		Johan Andersson	M		S		Lena Emilsson	K		M				S						M,,,,S,,,,,	BL
Ystads kommun	1286	M		L	KD							M,,L,KD,,,,,,	B		Minoritet	M		Kristina Bendz	K		M		Henrik Plantin	M			C			S						,C,,,S,,,,,	BL
Trelleborgs kommun	1287	M			KD							M,,,KD,,,,,,	B		Minoritet	M		Mikael Rubin	M		M		Håkan Sjöberg	M			C			S		MP		ÖP	Söderslättspartiet	,C,,,S,,MP,,ÖP,	BL
Kristianstads kommun	1290	M	C	L	KD							M,C,L,KD,,,,,,	B		Minoritet	M/L	Alternerar	Pierre Månsson och Peter Johansson	M		M		Bo Silverbern	M	KS ordförande delar på posten, de tar vartannat år. Först är Pierre Månsson(L) och sedan tar Peter Johansson(M) över vid årsskiftet 2019-2020. Därefter byter de igen.		C	L		S						,C,L,,S,,,,,	BL
Simrishamns kommun	1291	M	C	L	KD							M,C,L,KD,,,,,,	B		Minoritet	M		Jeanette Ovesson	K		C		Håkan Erlandsson	M			C	L		S		MP		ÖP	Österlenpartiet	,C,L,,S,,MP,,ÖP,	BL
Ängelholms kommun	1292	M	C	L	KD			MP				M,C,L,KD,,,MP,,,	B		Majoritet	M		Robin Holmberg	M		M		Elisabeth Kullenberg	K				L		S		MP		ÖP	Engelholmspartiet	,,L,,S,,MP,,ÖP,	BL
Hässleholms kommun	1293	M		L	KD							M,,L,KD,,,,,,	B		Minoritet	M		Lars Johnsson	M		M		Douglas Roth	M		M		L	KD							M,,L,KD,,,,,,	B
Hylte kommun	1315			L		S	V			ÖP	Kommunens Väl	,,L,,S,V,,,ÖP,	BL		Majoritet	S		Ronny Löfquist	M		S		Micael Arnström	M				L		S	V	MP		ÖP	SPI Välfärden	,,L,,S,V,MP,,ÖP,	BL
Halmstads kommun	1380	M	C	L	KD							M,C,L,KD,,,,,,	B		Minoritet	M		Jonas Bergman	M		M		Andreas Bergman	M		M	C	L	KD			MP		ÖP	SPI Välfärden	M,C,L,KD,,,MP,,ÖP,	B
Laholms kommun	1381	M	C	L	KD			MP		ÖP	Trygghetspartiet	M,C,L,KD,,,MP,,ÖP,	B		Minoritet	C		Erling Cronqvist	M		M		Jonas Hellsten	M		M	C	L	KD			MP				M,C,L,KD,,,MP,,,	B
Falkenbergs kommun	1382			L	KD	S		MP				,,L,KD,S,,MP,,,	BL		Minoritet	S		Per Svensson	M		S		Jan Dickens	M	De styrande är S,L,KD,MP men de valsamverkar tillsammans (V) Styret är i minoritet men valsamverkansgruppen ger dem majoritet i KF	M	C	L	KD			MP				M,C,L,KD,,,MP,,,	B
Varbergs kommun	1383	M	C	L	KD							M,C,L,KD,,,,,,	B		Majoritet	M		Ann-Charlotte Stenkil	K		M		Gösta Bergenheim	M		M	C	L	KD			MP				M,C,L,KD,,,MP,,,	B
Kungsbacka kommun	1384	M	C	L	KD							M,C,L,KD,,,,,,	B		Majoritet	M		Lisa Andersson	K		M		Anders Ekström	M		M	C	L	KD							M,C,L,KD,,,,,,	B
Härryda kommun	1401	M	C	L	KD					ÖP	Sportpartiet	M,C,L,KD,,,,,ÖP,	B		Majoritet	M		Per Vorberg	M		M		Roger Nordman	M		M	C	L	KD					ÖP	Sportpartiet	M,C,L,KD,,,,,ÖP,	B
Partille kommun	1402	M	C	L	KD							M,C,L,KD,,,,,,	B		Minoritet	M		Marith Hesse	M		M		Inger René	K		M	C	L	KD							M,C,L,KD,,,,,,	B
Öckerö kommun	1407	M		L	KD							M,,L,KD,,,,,,	B		Majoritet	KD		Jan Utbult	M		M		Ingvar Svensson	M		M		L	KD							M,,L,KD,,,,,,	B
Stenungsunds kommun	1415		C			S	V	MP		ÖP	Stenungsundspartiet	,C,,,S,V,MP,,ÖP,	BL		Minoritet	S		Olof Lundberg	M		S		Katja Nikula	K						S	V	MP		ÖP	oberoende	,,,,S,V,MP,,ÖP,	V
Tjörns kommun	1419	M	C	L	KD			MP				M,C,L,KD,,,MP,,,	B		Majoritet	L		Martin Johansen	M		M		Anders G Högmark	M		M	C	L	KD			MP				M,C,L,KD,,,MP,,,	B
Orust kommun	1421	M		L		S				ÖP	Fokviljan Orust	M,,L,,S,,,,ÖP,	BL		Majoritet	S		Catharina Bråkenhielm	K		ÖP	Fokviljan Orust	Hans Pernervik	M												,,,,,,,,,	BL
Sotenäs kommun	1427	M	C	L	KD							M,C,L,KD,,,,,,	B		Majoritet	M		Mats Abrahamsson	M		M		Helene Stranne	K		M	C	L	KD							M,C,L,KD,,,,,,	B
Munkedals kommun	1430	M		L								M,,L,,,,,,,	B		Minoritet	M		Christoffer Rungberg	M		SD		Heikki Klaavuniemi	M	M och L har en valteknisk samverkan och företräder 9 mandat. SD har 9 mandat. S, C, MP, KD och V har en valteknisk samverkan och företräder tillsammans 17 mandat.		C			S		MP				,C,,,S,,MP,,,	BL
Tanums kommun	1435	M	C	L	KD							M,C,L,KD,,,,,,	B		Majoritet	M		Liselotte Fröjd	K		C		Ann-Marie Olofsson	K		M	C	L	KD							M,C,L,KD,,,,,,	B
Dals-Eds kommun	1438	M	C	L	KD							M,C,L,KD,,,,,,	B		Majoritet	C		Martin Carling	M		C		Christina Larsson	K		M	C	L	KD							M,C,L,KD,,,,,,	B
Färgelanda kommun	1439	M	C	L								M,C,L,,,,,,,	B		Minoritet	C		Tobias Bernhardsson	M		C		Thor-Björn Jakobsson	M			C	L		S						,C,L,,S,,,,,	BL
Ale kommun	1440	M	C	L	KD			MP		ÖP	Framtid i Ale	M,C,L,KD,,,MP,,ÖP,	B		Minoritet	M		Mikael Berglund	M		M		Jan Skog	M						S	V	MP		ÖP	Aledemokraterna	,,,,S,V,MP,,ÖP,	V
Lerums kommun	1441	M	C	L	KD							M,C,L,KD,,,,,,	B		Majoritet	M		Alexander Abenius	M		C		Ingela Gyllesten	K			C	L		S		MP				,C,L,,S,,MP,,,	BL
Vårgårda kommun	1442	M	C	L	KD							M,C,L,KD,,,,,,	B		Majoritet	C		Bengt Hilmersson	M		KD		Arne Olsson	M		M	C	L	KD							M,C,L,KD,,,,,,	B
Bollebygds kommun	1443	M	C	L	KD					ÖP	Folkets Röst (FR)	M,C,L,KD,,,,,ÖP,	B		Majoritet	ÖP	Folkets Röst (FR)	Michael Plogell	M		M		Peter Hemlin	M						S	V	MP				,,,,S,V,MP,,,	V
Grästorps kommun	1444	M	C									M,C,,,,,,,,	B		Majoritet	M		Kent Larsson	M		M		Kent Hansson	M	Egentligen har inte samarbetet eller styrande parti ändrats efter valet. Moderaterna är fortfarande störst och har ökat ytterligare. Däremot har kommunen gått från ett till två kommunalråd, varav det tolkas som att centern också är styrande parti.	M										M,,,,,,,,,	B
Essunga kommun	1445	M	C		KD			MP				M,C,,KD,,,MP,,,	B		Majoritet	M		Daniel Andersson	M		C		Tomas Johansson	M		M										M,,,,,,,,,	B
Karlsborgs kommun	1446	M	C	L	KD							M,C,L,KD,,,,,,	B		Minoritet	C		Catarina Davidsson	K		C		Mats Mellblom	M												,,,,,,,,,	BL
Gullspångs kommun	1447		C			S				ÖP	RÄTT VÄG för Gullspångs kommun	,C,,,S,,,,ÖP,	BL		Majoritet	S		Carina Gullberg	K		S		Ann-Christin Erlandsson	K			C			S						,C,,,S,,,,,	BL
Tranemo kommun	1452			L	KD	S	V	MP				,,L,KD,S,V,MP,,,	BL		Majoritet	S		Anders Brolin	M		S		Ulf Thifors	M				L	KD	S	V	MP				,,L,KD,S,V,MP,,,	BL
Bengtsfors kommun	1460	M	C		KD							M,C,,KD,,,,,,	B		Minoritet	M		Stig Bertilsson	M		KD		Jan-Åke Jansson	M				L		S		MP				,,L,,S,,MP,,,	BL
Melleruds kommun	1461	M	C	L	KD			MP		ÖP	Kommunpartiet i Mellerud	M,C,L,KD,,,MP,,ÖP,	B		Majoritet	C		Morgan E Andersson	M		M		Roland Björndahl	M			C			S						,C,,,S,,,,,	BL
Lilla Edets kommun	1462	M	C	L	KD			MP				M,C,L,KD,,,MP,,,	B		Minoritet	C		Julia Färjhage	K		L		Eva Lejdbrandt	K				L		S	V					,,L,,S,V,,,,	BL
Marks kommun	1463		C	L		S						,C,L,,S,,,,,	BL		Minoritet	S		Jessica Rodén	K		C		Eva-Karin Torhem Arnell	K		M	C	L	KD			MP				M,C,L,KD,,,MP,,,	B
Svenljunga kommun	1465			L		S	V					,,L,,S,V,,,,	BL		Minoritet	S		Stefan Carlsson	M		ÖP	Landsbygdspartiet (LPo)	Bertil Hagström	M				L		S				ÖP	Landsbygdspartiet (ingick i styret fram till 2016)	,,L,,S,,,,ÖP,	BL
Herrljunga kommun	1466	M	C		KD					ÖP	Kommunens väl	M,C,,KD,,,,,ÖP,	B		Minoritet	M		Gunnar Andersson	M		M		Andreas Johansson	M	Centerpartiet valde att fortsätta samarbetet med M, KD, och KV, som också har stöd av Sverigedemokraterna.	M	C		KD					ÖP	Kommunens väl	M,C,,KD,,,,,ÖP,	BL
Vara kommun	1470	M	C	L								M,C,L,,,,,,,	B		Minoritet	M		Lars Gezelius	M		C		Elof Jonsson	M			C			S	V	MP				,C,,,S,V,MP,,,	V
Götene kommun	1471	M	C	L	KD			MP		ÖP	Götenes framtid	M,C,L,KD,,,MP,,ÖP,	B		Majoritet	C		Susanne Andersson	K		ÖP	Götenes framtid	Håkan Ernklev	M						S				ÖP	Götenes framtid	,,,,S,,,,ÖP,	V
Tibro kommun	1472		C	L		S						,C,L,,S,,,,,	BL		Majoritet	S		Rolf Eriksson	M		L		Ann Ohlsson	K			C			S	V	MP				,C,,,S,V,MP,,,	BL
Töreboda kommun	1473	M	C	L								M,C,L,,,,,,,	B		Minoritet	M		Bengt Sjöberg	M		C		Karl-Johan Gustavsson	M		M	C	L				MP				M,C,L,,,,MP,,,	B
Göteborgs stad	1480	M	C	L	KD							M,C,L,KD,,,,,,	B		Minoritet	M		Axel Josefsson	M		MP		Åse-Lill Törnqvist	K						S	V	MP		ÖP	Fi	,,,,S,V,MP,,ÖP,	V
Mölndals stad	1481	M	C	L	KD			MP				M,C,L,KD,,,MP,,,	B		Majoritet	M		Kristian Vramsten	M		M		Per Malm	M					KD	S	V	MP				,,,KD,S,V,MP,,,	BL
Kungälvs kommun	1482	M	C			S						M,C,,,S,,,,,	BL		Majoritet	S		Miguel Odhner	M		M		Thomas Alpner	M				L		S	V	MP		ÖP	Utvecklingspartiet	,,L,,S,V,MP,,ÖP,	BL
Lysekils kommun	1484		C	L		S		MP				,C,L,,S,,MP,,,	BL		Minoritet	S		Jan-Olof Johansson	M		S		Klas-Göran Henriksson	M		M	C	L		S						M,C,L,,S,,,,,	BL
Uddevalla kommun	1485	M	C	L		S						M,C,L,,S,,,,,	BL	Vid valet tog M,C,L,KD,MP och Uddevallapartiet makten. M valde våren 2020 att gå in i en ny koalition med S, C och L där S fick posten som kommunstyrelseordförande. Uddevallapartiet, MP och KD lämnade styret.	Majoritet	S		Ingemar Samuelsson	M		C		Elving Andersson	M						S	V	MP				,,,,S,V,MP,,,	V
Strömstads kommun	1486				KD	S	V			ÖP	FI	,,,KD,S,V,,,ÖP,	BL		Minoritet	S		Kent Hansson	M		S		Ronnie Brorsson	M			C	L	KD			MP				,C,L,KD,,,MP,,,	B
Vänersborgs kommun	1487		C			S		MP				,C,,,S,,MP,,,	BL		Minoritet	S		Benny Augustsson	M		C		Annalena Levin	K			C			S		MP				,C,,,S,,MP,,,	BL
Trollhättans stad	1488					S	V	MP				,,,,S,V,MP,,,	V		Majoritet	S		Paul Åkerlund	M		S		Gert-Inge Andersson	M						S						,,,,S,,,,,	V
Alingsås kommun	1489	M	C	L	KD							M,C,L,KD,,,,,,	B		Minoritet	M		Daniel Filipsson	M		L		Jan Kesker	M		M	C	L	KD							M,C,L,KD,,,,,,	V
Borås stad	1490		C	L		S		MP				,C,L,,S,,MP,,,	BL		Minoritet	S		Ulf Olsson	M		S		Per-Olof Höög	M						S	V	MP				,,,,S,V,MP,,,	V
Ulricehamns kommun	1491		C							ÖP	NU, Nya Ulricehamn	,C,,,,,,,ÖP,	B		Minoritet	C		Roland Karlsson	M		ÖP	NU, Nya Ulricehamn	Dario Mihajlovic	M			C	L		S						,C,L,,S,,,,,	V
Åmåls kommun	1492					S	V	MP				,,,,S,V,MP,,,	V		Majoritet	S		Michael Karlsson	M		MP		Lotta Robertsson Harén (MP)	K						S	V	MP				,,,,S,V,MP,,,	V
Mariestads kommun	1493	M	C	L	KD							M,C,L,KD,,,,,,	B		Majoritet	M		Johan Abrahamsson	M		C		Jan Wahn	M		M	C	L	KD							M,C,L,KD,,,,,,	B
Lidköpings kommun	1494		C		KD	S		MP				,C,,KD,S,,MP,,,	BL		Majoritet	S		Jonas Sundström	M		S		Carina Ohlsson	K						S	V	MP				,,,,S,V,MP,,,	V
Skara kommun	1495	M	C	L	KD							M,C,L,KD,,,,,,	B		Minoritet	M		Ylva Pettersson	K		M		Jan-Olof Bohlin	M				L		S	V	MP				,,L,,S,V,MP,,,	BL
Skövde kommun	1496	M	C	L	KD							M,C,L,KD,,,,,,	B		Minoritet	M		Katarina Jonsson	K		KD		Conny Brännberg	M		M	C	L	KD							M,C,L,KD,,,,,,	B
Hjo kommun	1497	M	C	L	KD							M,C,L,KD,,,,,,	B		Majoritet	M		Catrin Hulmarker	K		KD		Michael Kihlström	M		M	C	L	KD							M,C,L,KD,,,,,,	B
Tidaholms kommun	1498	M	C	L	KD			MP	SD		Tre vildar	M,C,L,KD,,,MP,SD,,	BL	MP lämnar styret med S+V under mandatperioden. Okt 2021: Maktskifte då tidigare opposition (KD, L, C, M, MP, SD och tre vildar (S+2 M)) inleder budgetsamarbete med majoritet i KF	Majoritet	L		Runo Johansson	M		S		Erik Ezelius	M						S	V					,,,,S,V,,,,	V
Falköpings kommun	1499	M	C	L	KD		V	MP				M,C,L,KD,,V,MP,,,	BL	S, C, KD-samarbete spricker i juni 2019	Majoritet	M		Adam Johansson	M		S		Patrik Björck	M			C		KD	S						,C,,KD,S,,,,,	BL
Kils kommun	1715		C			S						,C,,,S,,,,,	BL		Majoritet	S		Anders Johansson	M		S		Rita Gunnarsson	K			C			S						,C,,,S,,,,,	BL
Eda kommun	1730		C		KD		V			ÖP	Hela Edas Lista	,C,,KD,,V,,,ÖP,	BL		Minoritet	C		Johanna Söderberg	K		ÖP	Hela Edas Lista	Bo-Inge Nilsson	M							V			ÖP	Hela Edas Lista	,,,,,V,,,ÖP,	BL
Torsby kommun	1737		C	L		S						,C,L,,S,,,,,	BL		Majoritet	S		Peter Jonnson	M		S		Zenitha Bäck	K			C	L		S						,C,L,,S,,,,,	BL
Storfors kommun	1760					S	V					,,,,S,V,,,,	V		Majoritet	S		Hans Jildesten	M		S		Thomas Backeli	M						S	V					,,,,S,V,,,,	V
Hammarö kommun	1761		C			S	V	MP				,C,,,S,V,MP,,,	BL	C, MP hoppade av blågröna Hammarösmaverkan i juli 2020.	Majoritet	S		Solweig Gard	K		L		Peter Johansson	M			C			S	V					,C,,,S,V,,,,	BL
Munkfors kommun	1762					S						,,,,S,,,,,	V		Majoritet	S		Mathias Lindquist	M		S		Pia Falk	K						S						,,,,S,,,,,	V
Forshaga kommun	1763		C			S						,C,,,S,,,,,	BL		Majoritet	S		Per Lawén	M		S		Bertil Hagelin	M						S						,,,,S,,,,,	V
Grums kommun	1764					S						,,,,S,,,,,	V		Majoritet	S		Malin Hagström	K		S		Ulrika Nilsson	K						S						,,,,S,,,,,	V
Årjängs kommun	1765		C			S		MP				,C,,,S,,MP,,,	BL		Majoritet	S		Daniel Schützer	M		C		Katarina Johannesson	K		M		L	KD	S						M,,L,KD,S,,,,,	BL
Sunne kommun	1766		C			S						,C,,,S,,,,,	BL		Majoritet	C		Kristina Lundberg	K		C		Karl-Johan Adolfsson	M		M	C	L								M,C,L,,,,,,,	B
Karlstads kommun	1780	M	C	L	KD			MP				M,C,L,KD,,,MP,,,	B		Minoritet	M		Per-Samul Nisser	M		M		Anders Knape	M		M	C	L	KD			MP				M,C,L,KD,,,MP,,,	B
Kristinehamns kommun	1781	M	C	L	KD			MP				M,C,L,KD,,,MP,,,	B		Majoritet	M		Marie Oudin	K		C		Anders Ölmhult	M						S	V	MP				,,,,S,V,MP,,,	V
Filipstads kommun	1782					S	V					,,,,S,V,,,,	V		Majoritet	S		Åsa Hååkman Felth	K		S		Marina Isaksson	K					KD	S	V	MP				,,,KD,S,V,MP,,,	BL
Hagfors kommun	1783									ÖP	Oberoende Realister	,,,,,,,,ÖP,	Ö		Minoritet	ÖP	OR	Jens Fischer	M		ÖP	OR	Peter Åkerström	M						S						,,,,S,,,,,	V
Arvika kommun	1784					S	V	MP				,,,,S,V,MP,,,	V		Majoritet	S		Peter Söderström	M		S		Lars-Ove Jansson	M						S	V	MP				,,,,S,V,MP,,,	V
Säffle kommun	1785	M	C	L	KD					ÖP	Sjukvårdspartiet i Värmland (SiV)	M,C,L,KD,,,,,ÖP,	B		Majoritet	C		Dag Rogne	M		C		Lisbet Westerberg	K		M	C	L	KD			MP		ÖP	Sjukvårdspartiet i Värmland (SiV)	M,C,L,KD,,,MP,,ÖP,	B
Lekebergs kommun	1814		C			S						,C,,,S,,,,,	BL		Majoritet	C		Wendla Thorstensson	K		S		Mikael Bergdahl	M		M	C	L	KD			MP				M,C,L,KD,,,MP,,,	B
Laxå kommun	1860		C		KD			MP				,C,,KD,,,MP,,,	B		Majoritet	C		Johan Niklasson	M		C		Arne Augustsson	M			C	L	KD			MP				,C,L,KD,,,MP,,,	B
Hallsbergs kommun	1861					S						,,,,S,,,,,	V		Minoritet	S		Magnus Andersson	M		S		Hans Karlsson	M						S		MP				,,,,S,,MP,,,	V
Degerfors kommun	1862					S	V					,,,,S,V,,,,	V	V och S tar över styret efter M,C,L,S	Majoritet	V		Anneli Mylly	K		S		Marianne Högberg	K							V					,,,,,V,,,,	V
Hällefors kommun	1863					S	V					,,,,S,V,,,,	V		Majoritet	S		Annalena Järnberg	K		S		Susanne Grundström	K		M				S				ÖP	Grythyttelistan	M,,,,S,,,,ÖP,	BL
Ljusnarsbergs kommun	1864			L		S	V	MP				,,L,,S,V,MP,,,	BL		Majoritet	S		Ewa-Leena Johansson	K		S		Ken karlsson	M						S	V	MP				,,,,S,V,MP,,,	V
Örebro kommun	1880		C		KD	S					Valteknisk samverkan med (V)	,C,,KD,S,,,,,	BL		Minoritet	S		Kenneth Handberg	M		S		Agneta Blom	K			C		KD	S				ÖP	Valteknisk samverkan med (V)	,C,,KD,S,,,,ÖP,	BL
Kumla kommun	1881	M				S						M,,,,S,,,,,	BL		Majoritet	S		Katarina Hansson	K		M		Åsa Windahl	K		M				S						M,,,,S,,,,,	BL
Askersunds kommun	1882	M		L	KD							M,,L,KD,,,,,,	B		Minoritet	M		Caroline Dieker	K		M		Calill Ohlson	K						S		MP				,,,,S,,MP,,,	V
Karlskoga kommun	1883	M	C	L	KD							M,C,L,KD,,,,,,	B		Minoritet	M		Tony Ring	M		M		Anna Ragén	K				L		S	V					,,L,,S,V,,,,	BL
Nora kommun	1884	M	C	L	KD	S						M,C,L,KD,S,,,,,	BL		Majoritet	M/S	Alternerar	Tom Rymoen (M) och Solveig Oscarsson (S)	M/K		S		Per Andreasson	M	Posterna som ordförande och vice ordförande i kommunstyrelsen kommer att delas mellan Tom Rymoen och Solveig Oscarsson (S) vart annat år. Tom är kso och Solveig vice kso år 1 och sedan byte vart annat år. Båda två är kommunalråd på 100 procent.					S						,,,,S,,,,,	V
Lindesbergs kommun	1885		C			S	V					,C,,,S,V,,,,	BL		Majoritet	S		Bengt Storbacka	M		S		Arnold Bengtsson	M			C			S	V					,C,,,S,V,,,,	BL
Skinnskattebergs kommun	1904					S						,,,,S,,,,,	V		Minoritet	S		Lena Lovén-Rolén	K		S		Aneth Arvidsson	K	Kommunstyrelsen består av 11 ledamöter. Socialdemokraterna har 5 mandat, L+M+C (valsamverkan) har 4 mandat och Sverigedemokraterna har 2 mandat. Kommunfullmäktige består av 31 ledamöter: Moderaterna 2 Centerpartiet 2 Liberalerna 7 Socialdemokraterna 12 Vänsterpartiet 2 Sverigedemokraterna 6	M	C	L								M,C,L,,,,,,,	B
Surahammars kommun	1907	M	C	L	KD				SD			M,C,L,KD,,,,SD,,	Ö	S avbryter samarbetet med C (även V ingick i styret) som en följd av de brister (ledarskap, styrning och beslutsfattande) som avslöjats i en extern granskning (KPMG) av samhällsbyggnadsförvaltningen. M, C, L, KD och SD inleder samarbete.	Majoritet	M		Johanna Olofsson	K		S		Christina Waster Jansson	K			C			S						,C,,,S,,,,,	BL
Kungsörs kommun	1960			L		S	V					,,L,,S,V,,,,	BL		Minoritet	S		Mikael Peterson	M		S		Per Strengbom	M				L		S	V	MP				,,L,,S,V,MP,,,	BL
Hallstahammars kommun	1961		C	L		S						,C,L,,S,,,,,	BL		Majoritet	S		Catarina Pettersson	K		S		Rolf Hahre	M						S	V	MP				,,,,S,V,MP,,,	V
Norbergs kommun	1962					S	V					,,,,S,V,,,,	V		Majoritet	S		Johanna Odö	K		S		Sten Nordström	M	S+V har valteknisk samverkan, inte gemensamt styre.					S	V					,,,,S,V,,,,	V
Västerås stad	1980		C	L		S		MP				,C,L,,S,,MP,,,	BL		Majoritet	S		Staffan Jansson	M		S		Anders Teljebäck	M			C		KD	S		MP				,C,,KD,S,,MP,,,	BL
Sala kommun	1981	M	C	L	KD					ÖP	Salas Bästa	M,C,L,KD,,,,,ÖP,	B		Minoritet	C		Anders Wigelsbo	M		C		Carola Gunnarsson	K		M	C	L	KD					ÖP	Salas Bästa	M,C,L,KD,,,,,ÖP,	B
Fagersta kommun	1982	M		L		S				ÖP	Sjukvårdspartiet - Västmanland	M,,L,,S,,,,ÖP,	BL		Majoritet	S		Marino Wallsten	M		S		Åsa-Märta Sjöström	K		M				S						M,,,,S,,,,,	V
Köpings kommun	1983	M		L		S	V					M,,L,,S,V,,,,	BL		Majoritet	S		Annika Duàn	K		S		Carl-Inge Westberg	M						S	V	MP				,,,,S,V,MP,,,	V
Arboga kommun	1984	M	C	L	KD		V	MP		ÖP	Omsorgspartiet i Arboga	M,C,L,KD,,V,MP,,ÖP,	BL		Majoritet	M		Jonna Lindman	K		M		Mats Öhgren	M		M	C	L	KD		V	MP		ÖP	Omsorgspartiet i Arboga	M,C,L,KD,,V,MP,,ÖP,	BL
Vansbro kommun	2021	M	C		KD					ÖP	Landsbygdspartiet oberoende	M,C,,KD,,,,,ÖP,	B		Majoritet	C		Stina Munters	K		C		Uwe Weigel	M		M	C	L	KD							M,C,L,KD,,,,,,	BL
Malung-Sälens kommun	2023		C	L		S						,C,L,,S,,,,,	BL		Majoritet	S		Hans Unander	M		S		Jörgen Norén	M			C			S	V					,C,,,S,V,,,,	BL
Gagnefs kommun	2026	M	C			S						M,C,,,S,,,,,	BL		Majoritet	C		Fredrik Jarl	M		S		Alf Johansson	M						S	V	MP		ÖP	KOSA	,,,,S,V,MP,,ÖP,	V
Leksands kommun	2029	M	C	L	KD							M,C,L,KD,,,,,,	B		Majoritet	C		Ulrika Liljeberg	K		C		Per-Erik Ingels	M		M	C	L	KD							M,C,L,KD,,,,,,	B
Rättviks kommun	2031	M	C		KD							M,C,,KD,,,,,,	B		Majoritet	C		Jonny Jones	M		C		Anna-Maja Roos	K		M	C	L	KD							M,C,L,KD,,,,,,	B
Orsa kommun	2034		C		KD			MP				,C,,KD,,,MP,,,	B		Majoritet	C		Mikael Thalin	M		C		Anne-Marie Fröjdh	K			C	L	KD			MP				,C,L,KD,,,MP,,,	B
Älvdalens kommun	2039		C	L		S						,C,L,,S,,,,,	BL		Majoritet	C		Kjell Tenn	M		S		Stig Olsson	M						S		MP				,,,,S,,MP,,,	V
Smedjebackens kommun	2061					S	V	MP				,,,,S,V,MP,,,	V		Majoritet	S		Fredrik Rönning	M		S		Carin Runeson	K						S	V	MP				,,,,S,V,MP,,,	V
Mora kommun	2062	M	C		KD					ÖP	Morapartiet	M,C,,KD,,,,,ÖP,	B		Majoritet	C		Anna Hed	K		KD		Lennart Sacrédeus	M		M	C	L	KD					ÖP	Morapartiet	M,C,L,KD,,,,,ÖP,	B
Falu kommun	2080	M	C	L	KD					ÖP	Falupartiet	M,C,L,KD,,,,,ÖP,	B		Minoritet	C		Joakim Storck	M		M		Göran Forsén	M			C			S		MP				,C,,,S,,MP,,,	BL
Borlänge kommun	2081		C	L		S		MP		ÖP	OFA (Omsorg för alla)	,C,L,,S,,MP,,ÖP,	BL		Majoritet	S		Jan Bohman	M		S		Lars Ivarsson	M						S	V	MP		ÖP	OFA (Omsorg för alla)	,,,,S,V,MP,,ÖP,	V
Säters kommun	2082		C			S						,C,,,S,,,,,	BL		Majoritet	S		Mats Nilsson	M		S		Abbe Ronsten	M			C			S						,C,,,S,,,,,	BL
Hedemora kommun	2083		C			S	V					,C,,,S,V,,,,	BL		Minoritet	S		Stefan Norberg	M		S		Berndt Nygårds	M	Gällande fråga 3 "Är det styrande partiet eller koalitionen av partier i majoritet?" så har S+C+V 20 mandat av 41 i kommunfullmäktige. Dock kunde inte SD besätta 2 av 6 mandat, så vårt kommunfullmäktige består av 39 personer istället för 41 stycken under kommande mandatperiod.		C			S	V					,C,,,S,V,,,,	BL
Avesta kommun	2084					S	V					,,,,S,V,,,,	V		Majoritet	S		Lars Isacsson	M		S		Blerta Krenzi	K						S	V	MP				,,,,S,V,MP,,,	V
Ludvika kommun	2085	M		L	KD	S						M,,L,KD,S,,,,,	BL		Majoritet	S		Leif Pettersson	M		S		Maria Strömkvist	K						S	V	MP				,,,,S,V,MP,,,	V
Ockelbo kommun	2101		C			S						,C,,,S,,,,,	BL		Majoritet	S		Magnus Jonsson	M		S		Anna Schönning	K			C			S						,C,,,S,,,,,	BL
Hofors kommun	2104		C	L		S						,C,L,,S,,,,,	BL		Minoritet	S		Linda-Marie Anttila	K		S		Diana Blomgren	K			C	L		S						,C,L,,S,,,,,	BL
Ovanåkers kommun	2121	M		L		S						M,,L,,S,,,,,	BL		Minoritet	S		Håkan Englund	M		S		Yoomi Renström	K		M		L		S						M,,L,,S,,,,,	BL
Nordanstigs kommun	2132		C			S				ÖP	nordanstigspartiet.se	,C,,,S,,,,ÖP,	BL		Majoritet	S		Ola Wigg	M		S		Carin Walldin	K			C			S		MP				,C,,,S,,MP,,,	BL
Ljusdals kommun	2161			L		S		MP				,,L,,S,,MP,,,	BL		Minoritet	S		Marit Holmstrand	K		S		Marit Holmstrand	K		M	C	L	KD							M,C,L,KD,,,,,,	BL
Gävle kommun	2180		C	L		S		MP				,C,L,,S,,MP,,,	BL		Majoritet	S		Åsa Wiklund Lång	K		S		Eva Älander	K		M	C	L	KD							M,C,L,KD,,,,,,	B
Sandvikens kommun	2181		C	L		S						,C,L,,S,,,,,	BL		Majoritet	S		Peter Kärnström	M		S		Monica Jacobsson	K			C			S		MP				,C,,,S,,MP,,,	BL
Söderhamns kommun	2182	M	C	L	KD							M,C,L,KD,,,,,,	B		Minoritet	C		John-Erik Jansson	M		M		Viktor Wärnick	M						S	V	MP				,,,,S,V,MP,,,	V
Bollnäs kommun	2183	M				S		MP		ÖP	Bollnäspartiet	M,,,,S,,MP,,ÖP,	BL		Majoritet	S		Marie Centerwall	K		S		Kristoffer Lindberg	M				L		S	V	MP				,,L,,S,V,MP,,,	BL
Hudiksvalls kommun	2184	M				S		MP				M,,,,S,,MP,,,	BL		Majoritet	S		Mikael Löthstam	M		S		Sven-Åke Thoresen	M						S	V					,,,,S,V,,,,	V
Ånge kommun	2260					S	V					,,,,S,V,,,,	V		Majoritet	S		Sten-Ove Danielsson	M		S		Stiven Wiklund	M						S						,,,,S,,,,,	V
Timrå kommun	2262					S	V					,,,,S,V,,,,	V		Majoritet	S		Stefan Dalin	M		S		Jan-Christer Jonsson	M						S	V					,,,,S,V,,,,	V
Härnösands kommun	2280				KD	S	V	MP				,,,KD,S,V,MP,,,	BL		Majoritet	S		Andreas Sjölander	M		S		Göran Norlander	M						S	V	MP				,,,,S,V,MP,,,	V
Sundsvalls kommun	2281		C			S	V					,C,,,S,V,,,,	BL		Majoritet	S		Peder Björk	M		S		Arianne Sundman	K			C			S	V					,C,,,S,V,,,,	BL
Kramfors kommun	2282					S	V					,,,,S,V,,,,	V		Majoritet	S		Jan Sahlén	M		S		Peter Hedberg	M						S	V					,,,,S,V,,,,	V
Sollefteå kommun	2283		C				V			ÖP	Västra Initiativet	,C,,,,V,,,ÖP,	BL		Majoritet	C		Johan Andersson	M		ÖP	Västra Initiativet	Gunilla Fluur	K						S						,,,,S,,,,,	V
Örnsköldsviks kommun	2284					S						,,,,S,,,,,	V		Minoritet	S		Per Nylén	M		S		Birgith Olsson Johansson	K	Socialdemokraterna styr i minoritet. Vi har en överenskommelse om viss samverkan med C, M och Kd.					S	V					,,,,S,V,,,,	V
Ragunda kommun	2303		C		KD					ÖP	Allt för Ragunda	,C,,KD,,,,,ÖP,	B		Minoritet	C		Mikael Westin	M		ÖP	Allians för Ragunda	Birgitta Orrebo	K						S						,,,,S,,,,,	V
Bräcke kommun	2305	M				S	V					M,,,,S,V,,,,	BL		Minoritet	S		Jörgen Persson	M		S		Yngve Hamberg	M				L		S	V			ÖP	Landsbygdens framtid i Bräcke	,,L,,S,V,,,ÖP,	BL
Krokoms kommun	2309	M	C		KD			MP				M,C,,KD,,,MP,,,	B		Minoritet	C		Karin Jonsson	K		C		Gunnar Hellström	M		M	C		KD			MP				M,C,,KD,,,MP,,,	B
Strömsunds kommun	2313					S	V					,,,,S,V,,,,	V		Majoritet	S		Susanne Hansson	K		S		Elisabeth Lindholm	K						S	V					,,,,S,V,,,,	V
Åre kommun	2321		C		KD					ÖP	VV (Västjämtlands Väl)	,C,,KD,,,,,ÖP,	B		Majoritet	C		Daniel Danielsson	M		C		Peter Jansson	M		M				S		MP				M,,,,S,,MP,,,	BL
Bergs kommun	2326		C			S						,C,,,S,,,,,	BL		Majoritet	S		Therese Kärngard	K		S		Karin Paulsson	K						S		MP				,,,,S,,MP,,,	V
Härjedalens kommun	2361	M	C			S						M,C,,,S,,,,,	BL		Majoritet	C/S	Alternerar	Lars-Gunnar Nordlander och Anders Häggkvist	M		S		Pernilla Heijdenbeck-Persson	K		M	C	L	KD							M,C,L,KD,,,,,,	B
Östersunds kommun	2380	M	C	L	KD							M,C,L,KD,,,,,,	B		Minoritet	C		Bosse Svensson	M		C		Hanna Wagenius	K						S	V	MP				,,,,S,V,MP,,,	V
Nordmalings kommun	2401	M	C		KD							M,C,,KD,,,,,,	B		Majoritet	C		Madelaine Jakobsson	K		C		Ingemar Sandström	M	Centerpartiet har en tydlig majoritet inom det borgerliga blocket.	M	C	L	KD							M,C,L,KD,,,,,,	B
Bjurholms kommun	2403	M	C	L	KD							M,C,L,KD,,,,,,	B		Majoritet	M		Christina Lidström	K		C		Renée Olofsson	K		M	C	L	KD							M,C,L,KD,,,,,,	B
Vindelns kommun	2404				KD	S	V					,,,KD,S,V,,,,	BL		Majoritet	S		Mathias Haglund	M		S		Joakim Olsson	M	Alla i en kommunstyrelse styr väl kommunen men jag har tolkat frågorna som att ni vill veta vilka som ingår i majoriteten.					S	V					,,,,S,V,,,,	V
Robertsfors kommun	2409					S	V					,,,,S,V,,,,	V		Majoritet	S		Patrik Nilsson	M		S		Robert Lindgren	M						S						,,,,S,,,,,	V
Norsjö kommun	2417					S	V					,,,,S,V,,,,	V		Majoritet	S		Mikael Lindfors	M		S		Sam Venngren	M						S						,,,,S,,,,,	V
Malå kommun	2418						V					,,,,,V,,,,	V	S lämnar styret under mandatperioden	Minoritet	V		Lennart Gustavsson	M		S		Joacim Eliasson	M	Kommunalråds posten kommer att delas mellan S och V					S	V					,,,,S,V,,,,	V
Storumans kommun	2421	M	C	L	KD							M,C,L,KD,,,,,,	B		Majoritet	C		Tomas Mörtsell	M		C		Patrik Persson	M		M	C	L	KD							M,C,L,KD,,,,,,	B
Sorsele kommun	2422		C				V					,C,,,,V,,,,	BL		Majoritet	V		Kjell Öjeryd	M		V		Maria Broberg	K		M	C		KD		V					M,C,,KD,,V,,,,	BL
Dorotea kommun	2425		C	L	KD	S	V					,C,L,KD,S,V,,,,	BL		Majoritet	L		Nicke Grahn	M		S		Christer Eriksson	M	Ordförande i KS är Nicke Grahn, L Vice ordförande i KS är Greger Lindqvist, S Greger Lindqvist är ordförande i kommunstyrelsens arbetsutskott och kommer från och med 2019 (i den nya politiska organisationen) vara ordförande i allmänna utskottet. De delar på kommunalrådsposten som är en heltid. Nicke Grahn 20% av heltid. Greger Lindqvist 80% av heltid.									ÖP	Dorotea kommunlista styrde i minoritet	,,,,,,,,ÖP,	Ö
Vännäs kommun	2460	M				S	V					M,,,,S,V,,,,	BL	MP lämnar styret under mandatperioden	Majoritet	S		Anna Frej	K		S		Lena Carneland	K						S	V	MP				,,,,S,V,MP,,,	V
Vilhelmina kommun	2462		C			S						,C,,,S,,,,,	BL	M, C, KD, Fi och det lokala Politiskt Alternativ tog makten 2018. Det höll fram till februari i 2020 då koalitionen upplöstes efter att M och Politiskt Alternativ hoppat av.	Majoritet	C		Annika Andersson	K		C		Marita Stinnerbom	K						S	V					,,,,S,V,,,,	V
Åsele kommun	2463					S				ÖP	Åselepartiet	,,,,S,,,,ÖP,	V		Majoritet	S		Andreas From	M		ÖP	Åselepartiet	Anders Westman	M			C							ÖP	Åselepartiet	,C,,,,,,,ÖP,	B
Umeå kommun	2480					S						,,,,S,,,,,	V		Minoritet	S		Hans Lindberg	M		S		Marie-Louise Rönnmark	K						S		MP				,,,,S,,MP,,,	V
Lycksele kommun	2481	M	C	L	KD							M,C,L,KD,,,,,,	B		Majoritet	M/KD	Alternerar	Christer Rönnlund och Roland Sjögren	M		M		Christer Hedlund	M						S	V					,,,,S,V,,,,	V
Skellefteå kommun	2482					S	V					,,,,S,V,,,,	V		Majoritet	S		Lorents Burman	M		S		Tomas Marklund	M						S						,,,,S,,,,,	V
Arvidsjaurs kommun	2505					S	V					,,,,S,V,,,,	V		Majoritet	S		Sara Lundberg	K		S		Peter Rydfjäll	M						S	V					,,,,S,V,,,,	V
Arjeplogs kommun	2506					S						,,,,S,,,,,	V		Minoritet	S		Isak Utsi	M		S		Mats Abrahamsson	M						S						,,,,S,,,,,	V
Jokkmokks kommun	2510					S	V					,,,,S,V,,,,	V		Minoritet	S		Robert Bernhardsson	M		ÖP	Framtid i Jokkmokk	Tommy Isaksson Rensfeldt	M												,,,,,,,,,	V
Överkalix kommun	2513					S						,,,,S,,,,,	V		Majoritet	S		Anne Jakobsson	K		S		Kristina Åhl	K		M	C				V	MP				M,C,,,,V,MP,,,	BL
Kalix kommun	2514					S	V	MP				,,,,S,V,MP,,,	V		Majoritet	S		Tommy Nilsson	M		S		Susanne Andersson	K						S	V	MP				,,,,S,V,MP,,,	V
Övertorneå kommun	2518		C		KD		V			ÖP	Övertorneå Fria alternativ	,C,,KD,,V,,,ÖP,	BL	C, , KD, V, Övertorneå fria alternativ och Sjukvårdspartiet tar makten vid valet 2018. Sjukvårdspartiet lämnar styret under mandatperioden.	Minoritet	C		Tomas Mörtberg	M		ÖP	Sjukvårdspartiet	Tomas Vedestig	M		M	C		KD					ÖP	Sjukvårdspartiet, Övertorneå Fria alternativ	M,C,,KD,,,,,ÖP,	B
Pajala kommun	2521				KD	S				ÖP	sjukvårdspartiet	,,,KD,S,,,,ÖP,	BL		Majoritet	S		Ulrica Hammarström	K		KD		Stig Töyrä	M	Stig Töyrä (KD) är ordföranden i Kommunfullmäktige det två första åren. Sen är det Birgitta Rantatalo (S) dom två sista åren av mandatperioden.					S	V					,,,,S,V,,,,	V
Gällivare kommun	2523					S	V	MP				,,,,S,V,MP,,,	V		Majoritet	V/MP/S	Alternerar	Jeanette Wäppling, Henrik Ölvebo, Birgitta Larsson	M/K		S		Lena LIndberg	K	Kommunstyrelsens ordförande 2019 är Jeanette Wäppling V, 2020 Henrik Ölvebo MP, 2021-2022 Birgitta Larsson, S.	M					V	MP		ÖP	Malmfältens Väl, Sjukvårdspartiet	M,,,,,V,MP,,ÖP,	BL
Älvsbyns kommun	2560					S						,,,,S,,,,,	V		Minoritet	S		Tomas Egmark	M		S		Thor Viklund	M						S	V					,,,,S,V,,,,	V
Luleå kommun	2580					S						,,,,S,,,,,	V		Minoritet	S		Carina Sammeli	K		M		Nihad Zara	M	S+M har en valteknisk samverkan					S						,,,,S,,,,,	V
Piteå kommun	2581					S	V	MP				,,,,S,V,MP,,,	V		Majoritet	S		Helena Stenberg	K		S		Stefan Askenryd	M						S	V	MP				,,,,S,V,MP,,,	V
Bodens kommun	2582		C			S		MP		ÖP	Sjukvårdspartiet (SJVP)	,C,,,S,,MP,,ÖP,	BL		Majoritet	S		Claes Nordmark	M		S		Eivy Blomdahl	K				L	KD	S		MP		ÖP	Norrbottens sjukvårdsparti (NS - nu heter de Sjukvårdspartiet, SJVP)	,,L,KD,S,,MP,,ÖP,	BL
Haparanda stad	2583	M	C		KD					ÖP	Sjukvårdspartiet	M,C,,KD,,,,,ÖP,	B		Majoritet	C		Sven Tornberg	M		C		Bertil Segerlund	M						S	V					,,,,S,V,,,,	V
Kiruna kommun	2584	M	C		KD					ÖP	Sjukvårdspartiet	M,C,,KD,,,,,ÖP,	B		Majoritet	C		Gunnar Selberg	M		C		Mattias Timander	M		M				S	V			ÖP	Samelistan, Feministiskt initiativ	M,,,,S,V,,,ÖP,	BL
		158	200	150	153	147	62	69	7	45		Borgerlig	128	441	M	84	297	Antal kvinnor	96		80	276	Antal kvinnor	99		120	144	112	106	182	90	124	0	50			
		545	690	517	528	507	214	238	24	155		Vänster	38	131	C	54	191	Antal män	192		48	166	Antal män	191		414	497	386	366	628	310	428	0	172			
												Blocköverskridande	117	403	L	5	18	Andel kvinnor	333		11	38	Andel kvinnor	341													
												Övrigt	7	24	KD	4	14	Andel män	667		14	48	Andel män	659													
												Summa	290		S	125	442	Delat	2		119	410															
															V	3	11	VAKANT	0		1	3															
															MP	0	0				2	7															
															SD	4	14				3	10															
															ÖP	4	14				12	41															
													Maj		171	283	Totalt				290																
													Min		119																						
													Andel min		410	0	Vakanta																				
																	7	Delad KSO-post (alternerar)																			