Styren i komuner efter valet 2018																
Kommun	Kod	Parti	Parti	Parti	Parti	Parti	Parti	Parti	Parti	Parti	Annat parti, ange vilket eller vilka	Styre	Kategori	Majoritet/minoritet	Parti KSO	ÖP KSO
Upplands Väsby kommun	114	M	C	L	KD					ÖP	Väsbys Bästa (VB)	M,C,L,KD,,,,,ÖP,	B	Minoritet	M	
Vallentuna kommun	115	M	C	L	KD							M,C,L,KD,,,,,,	B	Majoritet	M	
Österåkers kommun	117	M	C	L	KD							M,C,L,KD,,,,,,	B	Majoritet	M	
Värmdö kommun	120	M	C	L	KD			MP				M,C,L,KD,,,MP,,,	B	Majoritet	M	
Järfälla kommun	123	M	C	L	KD							M,C,L,KD,,,,,,	B	Minoritet	M	
Ekerö kommun	125	M	C		KD							M,C,,KD,,,,,,	B	Minoritet	M	
Huddinge kommun	126	M	C	L	KD					ÖP	Drevvikenpartiet och Huddingepartiet	M,C,L,KD,,,,,ÖP,	B	Minoritet	M	
Botkyrka kommun	127		C	L	KD	S		MP				,C,L,KD,S,,MP,,,	BL	Majoritet	S	
Salems kommun	128	M	C	L	KD							M,C,L,KD,,,,,,	B	Majoritet	M	
Haninge kommun	136		C	L	KD	S						,C,L,KD,S,,,,,	BL	Minoritet	S	
Tyresö kommun	138			L		S		MP				,,L,,S,,MP,,,	BL	Minoritet	S	
Upplands-Bro kommun	139	M	C	L	KD							M,C,L,KD,,,,,,	B	Minoritet	M	
Nykvarns kommun	140	M						MP		ÖP	Nykvarnspartiet	M,,,,,,MP,,ÖP,	B	Majoritet	ÖP	Nykvarnspartiet
Täby kommun	160	M	C	L	KD							M,C,L,KD,,,,,,	B	Majoritet	M	
Danderyds kommun	162	M		L	KD							M,,L,KD,,,,,,	B	Majoritet	M	
Sollentuna kommun	163	M	C	L	KD							M,C,L,KD,,,,,,	B	Majoritet	M	
Stockholms stad	180	M	C	L	KD			MP				M,C,L,KD,,,MP,,,	B	Majoritet	M	
Södertälje kommun	181		C		KD	S		MP				,C,,KD,S,,MP,,,	BL	Majoritet	S	
Nacka kommun	182	M	C	L	KD							M,C,L,KD,,,,,,	B	Majoritet	M	
Sundbybergs stad	183		C	L		S						,C,L,,S,,,,,	BL	Minoritet	S	
Solna stad	184	M	C	L	KD			MP				M,C,L,KD,,,MP,,,	B	Majoritet	M	
Lidingö stad	186	M		L	KD					ÖP	Lidingöpartiet	M,,L,KD,,,,,ÖP,	B	Majoritet	M	
Vaxholms stad	187		C	L		S						,C,L,,S,,,,,	BL	Minoritet	C	
Norrtälje kommun	188	M	C	L	KD							M,C,L,KD,,,,,,	B	Minoritet	M	
Sigtuna kommun	191	M	C	L	KD					ÖP	Samling för Sigtuna	M,C,L,KD,,,,,ÖP,	B	Majoritet	M	
Nynäshamns kommun	192	M	C	L	KD							M,C,L,KD,,,,,,	B	Minoritet	M	
Håbo kommun	305	M	C	L	KD			MP				M,C,L,KD,,,MP,,,	B	Minoritet	M	
Älvkarleby kommun	319		C			S	V	MP				,C,,,S,V,MP,,,	BL	Majoritet	S	
Knivsta kommun	330	M	C			S	V	MP				M,C,,,S,V,MP,,,	BL	Majoritet	M/C	Alternerar
Heby kommun	331		C			S						,C,,,S,,,,,	BL	Majoritet	C	
Tierps kommun	360	M	C	L	KD			MP				M,C,L,KD,,,MP,,,	B	Minoritet	C	
Uppsala kommun	380			L		S		MP				,,L,,S,,MP,,,	BL	Minoritet	S	
Enköpings kommun	381	M	C	L	KD			MP				M,C,L,KD,,,MP,,,	B	Minoritet	M	
Östhammars kommun	382		C			S	V					,C,,,S,V,,,,	BL	Majoritet	C	
Vingåkers kommun	428		C		KD	S		MP				,C,,KD,S,,MP,,,	BL	Majoritet	S	
Gnesta kommun	461	M				S						M,,,,S,,,,,	BL	Minoritet	S	
Nyköpings kommun	480		C			S		MP				,C,,,S,,MP,,,	BL	Minoritet	S	
Oxelösunds kommun	481					S	V					,,,,S,V,,,,	V	Majoritet	S	
Flens kommun	482					S	V	MP				,,,,S,V,MP,,,	V	Minoritet	S	
Katrineholms kommun	483	M				S						M,,,,S,,,,,	BL	Majoritet	S	
Eskilstuna kommun	484	M	C			S						M,C,,,S,,,,,	BL	Majoritet	S	
Strängnäs kommun	486	M				S						M,,,,S,,,,,	BL	Majoritet	M	
Trosa kommun	488	M	C	L	KD							M,C,L,KD,,,,,,	B	Majoritet	M	
Ödeshögs kommun	509		C		KD	S						,C,,KD,S,,,,,	BL	Majoritet	KD	
Ydre kommun	512	M	C			S						M,C,,,S,,,,,	BL	Majoritet	C	
Kinda kommun	513		C	L		S						,C,L,,S,,,,,	BL	Minoritet	S	
Boxholms kommun	560					S						,,,,S,,,,,	V	Minoritet	S	
Åtvidabergs kommun	561		C	L		S	V					,C,L,,S,V,,,,	BL	Majoritet	S	
Finspångs kommun	562		C		KD	S						,C,,KD,S,,,,,	BL	Minoritet	S	
Valdemarsviks kommun	563		C			S						,C,,,S,,,,,	BL	Minoritet	S	
Linköpings kommun	580	M	C	L	KD							M,C,L,KD,,,,,,	B	Minoritet	M	
Norrköpings kommun	581		C	L	KD	S						,C,L,KD,S,,,,,	BL	Minoritet	S	
Söderköpings kommun	582	M	C	L	KD							M,C,L,KD,,,,,,	B	Majoritet	M	
Motala kommun	583	M	C	L	KD							M,C,L,KD,,,,,,	B	Minoritet	M	
Vadstena kommun	584	M				S		MP				M,,,,S,,MP,,,	BL	Majoritet	M	
Mjölby kommun	586		C	L	KD	S		MP				,C,L,KD,S,,MP,,,	BL	Majoritet	S	
Aneby kommun	604	M	C	L	KD							M,C,L,KD,,,,,,	B	Majoritet	C	
Gnosjö kommun	617	M	C		KD							M,C,,KD,,,,,,	B	Minoritet	M	
Mullsjö kommun	642		C	L	KD	S						,C,L,KD,S,,,,,	BL	Majoritet	S	
Habo kommun	643	M	C	L	KD							M,C,L,KD,,,,,,	B	Majoritet	M	
Gislaveds kommun	662	M	C	L	KD							M,C,L,KD,,,,,,	B	Minoritet	C	
Vaggeryds kommun	665	M	C	L	KD			MP				M,C,L,KD,,,MP,,,	B	Majoritet	M	
Jönköpings kommun	680		C	L		S		MP				,C,L,,S,,MP,,,	BL	Minoritet	C	
Nässjö kommun	682		C		KD	S						,C,,KD,S,,,,,	BL	Minoritet	S	
Värnamo kommun	683	M	C	L	KD							M,C,L,KD,,,,,,	B	Minoritet	C	
Sävsjö kommun	684		C		KD	S						,C,,KD,S,,,,,	BL	Majoritet	KD	
Vetlanda kommun	685		C	L	KD	S						,C,L,KD,S,,,,,	BL	Majoritet	S	
Eksjö kommun	686	M	C	L	KD							M,C,L,KD,,,,,,	B	Majoritet	C	
Tranås kommun	687	M	C	L	KD							M,C,L,KD,,,,,,	B	Minoritet	M	
Uppvidinge kommun	760	M				S	V					M,,,,S,V,,,,	BL	Majoritet	S	
Lessebo kommun	761					S						,,,,S,,,,,	V	Minoritet	S	
Tingsryds kommun	763				KD	S	V					,,,KD,S,V,,,,	BL	Minoritet	S	
Alvesta kommun	764		C			S	V					,C,,,S,V,,,,	BL	Minoritet	S	
Älmhults kommun	765	M	C	L	KD							M,C,L,KD,,,,,,	B	Majoritet	C	
Markaryds kommun	767	M	C		KD							M,C,,KD,,,,,,	B	Minoritet	KD	
Växjö kommun	780	M	C	L	KD			MP				M,C,L,KD,,,MP,,,	B	Majoritet	M	
Ljungby kommun	781	M	C	L	KD							M,C,L,KD,,,,,,	B	Minoritet	M	
Högsby kommun	821	M	C		KD						det är ett minoritetsstyre	M,C,,KD,,,,,,	B	Minoritet	C	
Torsås kommun	834	M		L	KD	S	V					M,,L,KD,S,V,,,,	BL	Majoritet	S	
Mörbylånga kommun	840		C			S	V					,C,,,S,V,,,,	BL	Majoritet	S	
Hultsfreds kommun	860	M	C		KD							M,C,,KD,,,,,,	B	Majoritet	C	
Mönsterås kommun	861	M	C	L	KD							M,C,L,KD,,,,,,	B	Majoritet	C	
Emmaboda kommun	862	M	C		KD					ÖP	BA, Bästa Alternativet	M,C,,KD,,,,,ÖP,	B	Minoritet	C	
Kalmar kommun	880		C			S	V					,C,,,S,V,,,,	BL	Majoritet	S	
Nybro kommun	881	M	C	L	KD							M,C,L,KD,,,,,,	B	Minoritet	C	
Oskarshamns kommun	882	M				S						M,,,,S,,,,,	BL	Majoritet	S	
Västerviks kommun	883		C			S		MP				,C,,,S,,MP,,,	BL	Minoritet	S	
Vimmerby kommun	884	M	C		KD							M,C,,KD,,,,,,	B	Majoritet	C	
Borgholms kommun	885		C			S	V					,C,,,S,V,,,,	BL	Majoritet	S	
Region Gotland	980	M	C	L	KD							M,C,L,KD,,,,,,	B	Minoritet	C	
Olofströms kommun	1060				KD	S	V					,,,KD,S,V,,,,	BL	Majoritet	S	
Karlskrona kommun	1080		C	L		S						,C,L,,S,,,,,	BL	Minoritet	S	
Ronneby kommun	1081	M	C	L	KD							M,C,L,KD,,,,,,	B	Minoritet	M	
Karlshamns kommun	1082		C			S		MP				,C,,,S,,MP,,,	BL	Minoritet	S	
Sölvesborgs kommun	1083	M			KD				SD	ÖP	Sölvesborg och Listerpartiet	M,,,KD,,,,SD,ÖP,	Ö	Majoritet	SD	
Svalövs kommun	1214	M			KD				SD			M,,,KD,,,,SD,,	Ö	Minoritet	SD	
Staffanstorps kommun	1230	M							SD			M,,,,,,,SD,,	Ö	Majoritet	M	
Burlövs kommun	1231	M	C	L								M,C,L,,,,,,,	B	Minoritet	M	
Vellinge kommun	1233	M										M,,,,,,,,,	B	Majoritet	M	
Östra Göinge kommun	1256	M	C		KD							M,C,,KD,,,,,,	B	Majoritet	M	
Örkelljunga kommun	1257	M	C		KD							M,C,,KD,,,,,,	B	Minoritet	M	
Bjuvs kommun	1260								SD			,,,,,,,SD,,	Ö	Minoritet	SD	
Kävlinge kommun	1261	M	C	L	KD							M,C,L,KD,,,,,,	B	Minoritet	M	
Lomma kommun	1262	M	C	L	KD							M,C,L,KD,,,,,,	B	Majoritet	M	
Svedala kommun	1263	M	C	L	KD					ÖP	Barapartiet	M,C,L,KD,,,,,ÖP,	B	Minoritet	M	
Skurups kommun	1264	M	C							ÖP	Skurupspartiet	M,C,,,,,,,ÖP,	B	Minoritet	M	
Sjöbo kommun	1265	M	C	L				MP				M,C,L,,,,MP,,,	B	Minoritet	M	
Hörby kommun	1266								SD			,,,,,,,SD,,	Ö	Minoritet	SD	
Höörs kommun	1267	M	C	L	KD							M,C,L,KD,,,,,,	B	Minoritet	M	
Tomelilla kommun	1270	M	C	L	KD							M,C,L,KD,,,,,,	B	Minoritet	M/C	Alternerar
Bromölla kommun	1272		C	L	KD	S	V					,C,L,KD,S,V,,,,	BL	Minoritet	S	
Osby kommun	1273	M	C	L	KD							M,C,L,KD,,,,,,	B	Minoritet	C	
Perstorps kommun	1275	M	C		KD			MP		ÖP	Perstorps Framtid	M,C,,KD,,,MP,,ÖP,	B	Majoritet	ÖP	Perstorps Framtid
Klippans kommun	1276	M	C			S						M,C,,,S,,,,,	BL	Minoritet	M	
Åstorps kommun	1277		C			S						,C,,,S,,,,,	BL	Minoritet	S	
Båstads kommun	1278	M		L	KD	S						M,,L,KD,S,,,,,	BL	Majoritet	M	
Malmö stad	1280			L		S						,,L,,S,,,,,	BL	Minoritet	S	
Lunds kommun	1281	M	C	L	KD					ÖP	För Nya Lund	M,C,L,KD,,,,,ÖP,	B	Majoritet	L	
Landskrona stad	1282	M		L				MP				M,,L,,,,MP,,,	B	Minoritet	L	
Helsingborgs stad	1283	M	C	L	KD							M,C,L,KD,,,,,,	B	Minoritet	M	
Höganäs kommun	1284	M	C		KD							M,C,,KD,,,,,,	B	Majoritet	M	
Eslövs kommun	1285	M		L		S						M,,L,,S,,,,,	BL	Majoritet	S	
Ystads kommun	1286	M		L	KD							M,,L,KD,,,,,,	B	Minoritet	M	
Trelleborgs kommun	1287	M			KD							M,,,KD,,,,,,	B	Minoritet	M	
Kristianstads kommun	1290	M	C	L	KD							M,C,L,KD,,,,,,	B	Minoritet	M/L	Alternerar
Simrishamns kommun	1291	M	C	L	KD							M,C,L,KD,,,,,,	B	Minoritet	M	
Ängelholms kommun	1292	M	C	L	KD			MP				M,C,L,KD,,,MP,,,	B	Majoritet	M	
Hässleholms kommun	1293	M		L	KD							M,,L,KD,,,,,,	B	Minoritet	M	
Hylte kommun	1315			L		S	V			ÖP	Kommunens Väl	,,L,,S,V,,,ÖP,	BL	Majoritet	S	
Halmstads kommun	1380	M	C	L	KD							M,C,L,KD,,,,,,	B	Minoritet	M	
Laholms kommun	1381	M	C	L	KD			MP		ÖP	Trygghetspartiet	M,C,L,KD,,,MP,,ÖP,	B	Minoritet	C	
Falkenbergs kommun	1382			L	KD	S		MP				,,L,KD,S,,MP,,,	BL	Minoritet	S	
Varbergs kommun	1383	M	C	L	KD							M,C,L,KD,,,,,,	B	Majoritet	M	
Kungsbacka kommun	1384	M	C	L	KD							M,C,L,KD,,,,,,	B	Majoritet	M	
Härryda kommun	1401	M	C	L	KD					ÖP	Sportpartiet	M,C,L,KD,,,,,ÖP,	B	Majoritet	M	
Partille kommun	1402	M	C	L	KD							M,C,L,KD,,,,,,	B	Minoritet	M	
Öckerö kommun	1407	M		L	KD							M,,L,KD,,,,,,	B	Majoritet	KD	
Stenungsunds kommun	1415		C			S	V	MP		ÖP	Stenungsundspartiet	,C,,,S,V,MP,,ÖP,	BL	Minoritet	S	
Tjörns kommun	1419	M	C	L	KD			MP				M,C,L,KD,,,MP,,,	B	Majoritet	L	
Orust kommun	1421	M		L		S				ÖP	Fokviljan Orust	M,,L,,S,,,,ÖP,	BL	Majoritet	S	
Sotenäs kommun	1427	M	C	L	KD							M,C,L,KD,,,,,,	B	Majoritet	M	
Munkedals kommun	1430	M		L								M,,L,,,,,,,	B	Minoritet	M	
Tanums kommun	1435	M	C	L	KD							M,C,L,KD,,,,,,	B	Majoritet	M	
Dals-Eds kommun	1438	M	C	L	KD							M,C,L,KD,,,,,,	B	Majoritet	C	
Färgelanda kommun	1439	M	C	L								M,C,L,,,,,,,	B	Minoritet	C	
Ale kommun	1440	M	C	L	KD			MP		ÖP	Framtid i Ale	M,C,L,KD,,,MP,,ÖP,	B	Minoritet	M	
Lerums kommun	1441	M	C	L	KD							M,C,L,KD,,,,,,	B	Majoritet	M	
Vårgårda kommun	1442	M	C	L	KD							M,C,L,KD,,,,,,	B	Majoritet	C	
Bollebygds kommun	1443	M	C	L	KD					ÖP	Folkets Röst (FR)	M,C,L,KD,,,,,ÖP,	B	Majoritet	ÖP	Folkets Röst (FR)
Grästorps kommun	1444	M	C									M,C,,,,,,,,	B	Majoritet	M	
Essunga kommun	1445	M	C		KD			MP				M,C,,KD,,,MP,,,	B	Majoritet	M	
Karlsborgs kommun	1446	M	C	L	KD							M,C,L,KD,,,,,,	B	Minoritet	C	
Gullspångs kommun	1447		C			S				ÖP	RÄTT VÄG för Gullspångs kommun	,C,,,S,,,,ÖP,	BL	Majoritet	S	
Tranemo kommun	1452			L	KD	S	V	MP				,,L,KD,S,V,MP,,,	BL	Majoritet	S	
Bengtsfors kommun	1460	M	C		KD							M,C,,KD,,,,,,	B	Minoritet	M	
Melleruds kommun	1461	M	C	L	KD			MP		ÖP	Kommunpartiet i Mellerud	M,C,L,KD,,,MP,,ÖP,	B	Majoritet	C	
Lilla Edets kommun	1462	M	C	L	KD			MP				M,C,L,KD,,,MP,,,	B	Minoritet	C	
Marks kommun	1463		C	L		S						,C,L,,S,,,,,	BL	Minoritet	S	
Svenljunga kommun	1465			L		S	V					,,L,,S,V,,,,	BL	Minoritet	S	
Herrljunga kommun	1466	M	C		KD					ÖP	Kommunens väl	M,C,,KD,,,,,ÖP,	B	Minoritet	M	
Vara kommun	1470	M	C	L								M,C,L,,,,,,,	B	Minoritet	M	
Götene kommun	1471	M	C	L	KD			MP		ÖP	Götenes framtid	M,C,L,KD,,,MP,,ÖP,	B	Majoritet	C	
Tibro kommun	1472		C	L		S						,C,L,,S,,,,,	BL	Majoritet	S	
Töreboda kommun	1473	M	C	L								M,C,L,,,,,,,	B	Minoritet	M	
Göteborgs stad	1480	M	C	L	KD							M,C,L,KD,,,,,,	B	Minoritet	M	
Mölndals stad	1481	M	C	L	KD			MP				M,C,L,KD,,,MP,,,	B	Majoritet	M	
Kungälvs kommun	1482	M	C			S						M,C,,,S,,,,,	BL	Majoritet	S	
Lysekils kommun	1484		C	L		S		MP				,C,L,,S,,MP,,,	BL	Minoritet	S	
Uddevalla kommun	1485	M	C	L		S						M,C,L,,S,,,,,	BL	Majoritet	S	
Strömstads kommun	1486				KD	S	V			ÖP	FI	,,,KD,S,V,,,ÖP,	BL	Minoritet	S	
Vänersborgs kommun	1487		C			S		MP				,C,,,S,,MP,,,	BL	Minoritet	S	
Trollhättans stad	1488					S	V	MP				,,,,S,V,MP,,,	V	Majoritet	S	
Alingsås kommun	1489	M	C	L	KD							M,C,L,KD,,,,,,	B	Minoritet	M	
Borås stad	1490		C	L		S		MP				,C,L,,S,,MP,,,	BL	Minoritet	S	
Ulricehamns kommun	1491		C							ÖP	NU, Nya Ulricehamn	,C,,,,,,,ÖP,	B	Minoritet	C	
Åmåls kommun	1492					S	V	MP				,,,,S,V,MP,,,	V	Majoritet	S	
Mariestads kommun	1493	M	C	L	KD							M,C,L,KD,,,,,,	B	Majoritet	M	
Lidköpings kommun	1494		C		KD	S		MP				,C,,KD,S,,MP,,,	BL	Majoritet	S	
Skara kommun	1495	M	C	L	KD							M,C,L,KD,,,,,,	B	Minoritet	M	
Skövde kommun	1496	M	C	L	KD							M,C,L,KD,,,,,,	B	Minoritet	M	
Hjo kommun	1497	M	C	L	KD							M,C,L,KD,,,,,,	B	Majoritet	M	
Tidaholms kommun	1498					S	V					,,,,S,V,,,,	V	Minoritet	S	
Falköpings kommun	1499	M	C	L	KD		V	MP				M,C,L,KD,,V,MP,,,	BL	Majoritet	M	
Kils kommun	1715		C			S						,C,,,S,,,,,	BL	Majoritet	S	
Eda kommun	1730		C		KD		V			ÖP	Hela Edas Lista	,C,,KD,,V,,,ÖP,	BL	Minoritet	C	
Torsby kommun	1737		C	L		S						,C,L,,S,,,,,	BL	Majoritet	S	
Storfors kommun	1760					S	V					,,,,S,V,,,,	V	Majoritet	S	
Hammarö kommun	1761		C			S	V	MP				,C,,,S,V,MP,,,	BL	Majoritet	S	
Munkfors kommun	1762					S						,,,,S,,,,,	V	Majoritet	S	
Forshaga kommun	1763		C			S						,C,,,S,,,,,	BL	Majoritet	S	
Grums kommun	1764					S						,,,,S,,,,,	V	Majoritet	S	
Årjängs kommun	1765		C			S		MP				,C,,,S,,MP,,,	BL	Majoritet	S	
Sunne kommun	1766		C			S						,C,,,S,,,,,	BL	Majoritet	C	
Karlstads kommun	1780	M	C	L	KD			MP				M,C,L,KD,,,MP,,,	B	Minoritet	M	
Kristinehamns kommun	1781	M	C	L	KD			MP				M,C,L,KD,,,MP,,,	B	Majoritet	M	
Filipstads kommun	1782					S	V					,,,,S,V,,,,	V	Majoritet	S	
Hagfors kommun	1783									ÖP	Oberoende Realister	,,,,,,,,ÖP,	Ö	Minoritet	ÖP	OR
Arvika kommun	1784					S	V	MP				,,,,S,V,MP,,,	V	Majoritet	S	
Säffle kommun	1785	M	C	L	KD					ÖP	Sjukvårdspartiet i Värmland (SiV)	M,C,L,KD,,,,,ÖP,	B	Majoritet	C	
Lekebergs kommun	1814		C			S						,C,,,S,,,,,	BL	Majoritet	C	
Laxå kommun	1860		C		KD			MP				,C,,KD,,,MP,,,	B	Majoritet	C	
Hallsbergs kommun	1861					S						,,,,S,,,,,	V	Minoritet	S	
Degerfors kommun	1862					S	V					,,,,S,V,,,,	V	Majoritet	V	
Hällefors kommun	1863					S	V					,,,,S,V,,,,	V	Majoritet	S	
Ljusnarsbergs kommun	1864			L		S	V	MP				,,L,,S,V,MP,,,	BL	Majoritet	S	
Örebro kommun	1880		C		KD	S					Valteknisk samverkan med (V)	,C,,KD,S,,,,,	BL	Minoritet	S	
Kumla kommun	1881	M				S						M,,,,S,,,,,	BL	Majoritet	S	
Askersunds kommun	1882	M		L	KD							M,,L,KD,,,,,,	B	Minoritet	M	
Karlskoga kommun	1883	M	C	L	KD							M,C,L,KD,,,,,,	B	Minoritet	M	
Nora kommun	1884	M	C	L	KD	S						M,C,L,KD,S,,,,,	BL	Majoritet	M/S	Alternerar
Lindesbergs kommun	1885		C			S	V					,C,,,S,V,,,,	BL	Majoritet	S	
Skinnskattebergs kommun	1904					S						,,,,S,,,,,	V	Minoritet	S	
Surahammars kommun	1907		C			S	V					,C,,,S,V,,,,	BL	Majoritet	S	
Kungsörs kommun	1960			L		S	V					,,L,,S,V,,,,	BL	Minoritet	S	
Hallstahammars kommun	1961		C	L		S						,C,L,,S,,,,,	BL	Majoritet	S	
Norbergs kommun	1962					S	V					,,,,S,V,,,,	V	Majoritet	S	
Västerås stad	1980		C	L		S		MP				,C,L,,S,,MP,,,	BL	Majoritet	S	
Sala kommun	1981	M	C	L	KD					ÖP	Salas Bästa	M,C,L,KD,,,,,ÖP,	B	Minoritet	C	
Fagersta kommun	1982	M		L		S				ÖP	Sjukvårdspartiet - Västmanland	M,,L,,S,,,,ÖP,	BL	Majoritet	S	
Köpings kommun	1983	M		L		S	V					M,,L,,S,V,,,,	BL	Majoritet	S	
Arboga kommun	1984	M	C	L	KD		V	MP		ÖP	Omsorgspartiet i Arboga	M,C,L,KD,,V,MP,,ÖP,	BL	Majoritet	M	
Vansbro kommun	2021	M	C		KD					ÖP	Landsbygdspartiet oberoende	M,C,,KD,,,,,ÖP,	B	Majoritet	C	
Malung-Sälens kommun	2023		C	L		S						,C,L,,S,,,,,	BL	Majoritet	S	
Gagnefs kommun	2026	M	C			S						M,C,,,S,,,,,	BL	Majoritet	C	
Leksands kommun	2029	M	C	L	KD							M,C,L,KD,,,,,,	B	Majoritet	C	
Rättviks kommun	2031	M	C		KD							M,C,,KD,,,,,,	B	Majoritet	C	
Orsa kommun	2034		C		KD			MP				,C,,KD,,,MP,,,	B	Majoritet	C	
Älvdalens kommun	2039		C	L		S						,C,L,,S,,,,,	BL	Majoritet	C	
Smedjebackens kommun	2061					S	V	MP				,,,,S,V,MP,,,	V	Majoritet	S	
Mora kommun	2062	M	C		KD					ÖP	Morapartiet	M,C,,KD,,,,,ÖP,	B	Majoritet	C	
Falu kommun	2080	M	C	L	KD					ÖP	Falupartiet	M,C,L,KD,,,,,ÖP,	B	Minoritet	C	
Borlänge kommun	2081		C	L		S		MP		ÖP	OFA (Omsorg för alla)	,C,L,,S,,MP,,ÖP,	BL	Majoritet	S	
Säters kommun	2082		C			S						,C,,,S,,,,,	BL	Majoritet	S	
Hedemora kommun	2083		C			S	V					,C,,,S,V,,,,	BL	Minoritet	S	
Avesta kommun	2084					S	V					,,,,S,V,,,,	V	Majoritet	S	
Ludvika kommun	2085	M		L	KD	S						M,,L,KD,S,,,,,	BL	Majoritet	S	
Ockelbo kommun	2101		C			S						,C,,,S,,,,,	BL	Majoritet	S	
Hofors kommun	2104		C	L		S						,C,L,,S,,,,,	BL	Minoritet	S	
Ovanåkers kommun	2121	M		L		S						M,,L,,S,,,,,	BL	Minoritet	S	
Nordanstigs kommun	2132		C			S				ÖP	nordanstigspartiet.se	,C,,,S,,,,ÖP,	BL	Majoritet	S	
Ljusdals kommun	2161			L		S		MP				,,L,,S,,MP,,,	BL	Minoritet	S	
Gävle kommun	2180		C	L		S		MP				,C,L,,S,,MP,,,	BL	Majoritet	S	
Sandvikens kommun	2181		C	L		S						,C,L,,S,,,,,	BL	Majoritet	S	
Söderhamns kommun	2182	M	C	L	KD							M,C,L,KD,,,,,,	B	Minoritet	C	
Bollnäs kommun	2183	M				S		MP		ÖP	Bollnäspartiet	M,,,,S,,MP,,ÖP,	BL	Majoritet	S	
Hudiksvalls kommun	2184	M				S		MP				M,,,,S,,MP,,,	BL	Majoritet	S	
Ånge kommun	2260					S	V					,,,,S,V,,,,	V	Majoritet	S	
Timrå kommun	2262					S	V					,,,,S,V,,,,	V	Majoritet	S	
Härnösands kommun	2280				KD	S	V	MP				,,,KD,S,V,MP,,,	BL	Majoritet	S	
Sundsvalls kommun	2281		C			S	V					,C,,,S,V,,,,	BL	Majoritet	S	
Kramfors kommun	2282					S	V					,,,,S,V,,,,	V	Majoritet	S	
Sollefteå kommun	2283		C				V			ÖP	Västra Initiativet	,C,,,,V,,,ÖP,	BL	Majoritet	C	
Örnsköldsviks kommun	2284					S						,,,,S,,,,,	V	Minoritet	S	
Ragunda kommun	2303		C		KD					ÖP	Allt för Ragunda	,C,,KD,,,,,ÖP,	B	Minoritet	C	
Bräcke kommun	2305	M				S	V					M,,,,S,V,,,,	BL	Minoritet	S	
Krokoms kommun	2309	M	C		KD			MP				M,C,,KD,,,MP,,,	B	Minoritet	C	
Strömsunds kommun	2313					S	V					,,,,S,V,,,,	V	Majoritet	S	
Åre kommun	2321		C		KD					ÖP	VV (Västjämtlands Väl)	,C,,KD,,,,,ÖP,	B	Majoritet	C	
Bergs kommun	2326		C			S						,C,,,S,,,,,	BL	Majoritet	S	
Härjedalens kommun	2361	M	C			S						M,C,,,S,,,,,	BL	Majoritet	C/S	Alternerar
Östersunds kommun	2380	M	C	L	KD							M,C,L,KD,,,,,,	B	Minoritet	C	
Nordmalings kommun	2401	M	C		KD							M,C,,KD,,,,,,	B	Majoritet	C	
Bjurholms kommun	2403	M	C	L	KD							M,C,L,KD,,,,,,	B	Majoritet	M	
Vindelns kommun	2404				KD	S	V					,,,KD,S,V,,,,	BL	Majoritet	S	
Robertsfors kommun	2409					S	V					,,,,S,V,,,,	V	Majoritet	S	
Norsjö kommun	2417					S	V					,,,,S,V,,,,	V	Majoritet	S	
Malå kommun	2418						V					,,,,,V,,,,	V	Minoritet	V	
Storumans kommun	2421	M	C	L	KD							M,C,L,KD,,,,,,	B	Majoritet	C	
Sorsele kommun	2422		C				V					,C,,,,V,,,,	BL	Majoritet	V	
Dorotea kommun	2425		C	L	KD	S	V					,C,L,KD,S,V,,,,	BL	Majoritet	L	
Vännäs kommun	2460	M				S	V					M,,,,S,V,,,,	BL	Majoritet	S	
Vilhelmina kommun	2462		C			S						,C,,,S,,,,,	BL	Majoritet	C	
Åsele kommun	2463					S				ÖP	Åselepartiet	,,,,S,,,,ÖP,	V	Majoritet	S	
Umeå kommun	2480					S						,,,,S,,,,,	V	Minoritet	S	
Lycksele kommun	2481	M	C	L	KD							M,C,L,KD,,,,,,	B	Majoritet	M/KD	Alternerar
Skellefteå kommun	2482					S	V					,,,,S,V,,,,	V	Majoritet	S	
Arvidsjaurs kommun	2505					S	V					,,,,S,V,,,,	V	Majoritet	S	
Arjeplogs kommun	2506					S						,,,,S,,,,,	V	Minoritet	S	
Jokkmokks kommun	2510					S	V					,,,,S,V,,,,	V	Minoritet	S	
Överkalix kommun	2513					S						,,,,S,,,,,	V	Majoritet	S	
Kalix kommun	2514					S	V	MP				,,,,S,V,MP,,,	V	Majoritet	S	
Övertorneå kommun	2518		C		KD		V			ÖP	Övertorneå Fria alternativ	,C,,KD,,V,,,ÖP,	BL	Minoritet	C	
Pajala kommun	2521				KD	S				ÖP	sjukvårdspartiet	,,,KD,S,,,,ÖP,	BL	Majoritet	S	
Gällivare kommun	2523					S	V	MP				,,,,S,V,MP,,,	V	Majoritet	V/MP/S	Alternerar
Älvsbyns kommun	2560					S						,,,,S,,,,,	V	Minoritet	S	
Luleå kommun	2580					S						,,,,S,,,,,	V	Minoritet	S	
Piteå kommun	2581					S	V	MP				,,,,S,V,MP,,,	V	Majoritet	S	
Bodens kommun	2582		C			S		MP		ÖP	Sjukvårdspartiet (SJVP)	,C,,,S,,MP,,ÖP,	BL	Majoritet	S	
Haparanda stad	2583	M	C		KD					ÖP	Sjukvårdspartiet	M,C,,KD,,,,,ÖP,	B	Majoritet	C	
Kiruna kommun	2584	M	C		KD					ÖP	Sjukvårdspartiet	M,C,,KD,,,,,ÖP,	B	Majoritet	C	
																7